userID,ISBN,bookRating,bookTitle,totalRatingCount
277427,002542730X,10,Politically Correct Bedtime Stories: Modern Tales for Our Life and Times,82
277427,0060930535,0,The Poisonwood Bible: A Novel,133
277427,0060934417,0,Bel Canto: A Novel,108
277427,0061009059,9,One for the Money (Stephanie Plum Novels (Paperback)),108
277427,006440188X,0,The Secret Garden,79
277427,0140067477,0,The Tao of Pooh,77
277427,014029628X,0,Girl in Hyacinth Blue,92
277427,014100018X,0,Chocolat,104
277427,0142001740,0,The Secret Life of Bees,209
277427,0312966091,0,Three To Get Deadly : A Stephanie Plum Novel (A Stephanie Plum Novel),105
277427,031298328X,0,Full Tilt (Janet Evanovich's Full Series),79
277427,0316096199,0,Lucky : A Memoir,115
277427,0316168688,0,The Dogs of Babel (Today Show Book Club #12),55
277427,0316284955,0,White Oleander : A Novel (Oprah's Book Club),114
277427,0316569321,0,White Oleander : A Novel,116
277427,0316602051,0,The Jester,68
277427,0316666343,0,The Lovely Bones: A Novel,272
277427,0316776963,8,Me Talk Pretty One Day,146
277427,0316777730,0,Naked,53
277427,0345339681,0,The Hobbit : The Enchanting Prelude to The Lord of the Rings,83
277427,0345361792,0,A Prayer for Owen Meany,137
277427,0345404769,0,Silent Witness,66
277427,0345404777,0,No Safe Place,53
277427,0345413903,10,The Murder Book,86
277427,0374199698,0,Middlesex: A Novel,94
277427,0380710218,0,Postmortem,78
277427,0380718332,0,All That Remains (Kay Scarpetta Mysteries (Paperback)),84
277427,0385424736,9,The Rainmaker,180
277427,0385484518,0,"Tuesdays with Morrie: An Old Man, a Young Man, and Life's Greatest Lesson",142
277427,0385486804,9,Into the Wild,71
277427,0385503857,9,Oryx and Crake,58
277427,0385504209,8,The Da Vinci Code,226
277427,0399501487,9,Lord of the Flies,120
277427,0425107469,0,Watchers,71
277427,0425113884,0,Mortal Fear,62
277427,0425115801,0,Lightning,136
277427,0425116840,8,The Cardinal of the Kremlin (Jack Ryan Novels),67
277427,0425121631,0,Rules of Prey,52
277427,0425152898,0,Mind Prey,53
277427,0425154092,0,From Potter's Field,94
277427,0425155943,0,Contagion,56
277427,0425158616,0,Cause of Death,121
277427,0425174271,0,Certain Prey,64
277427,0425175405,0,Black Notice,123
277427,0439064872,0,Harry Potter and the Chamber of Secrets (Book 2),184
277427,0439136369,0,Harry Potter and the Prisoner of Azkaban (Book 3),138
277427,043936213X,0,Harry Potter and the Sorcerer's Stone (Book 1),78
277427,0440170796,0,The Promise,62
277427,0440176484,0,Secrets,68
277427,0440193613,0,Wanderlust,81
277427,0440213991,0,Guardian Angel,56
277427,0440217466,0,Vanished,67
277427,0440224764,7,The Partner,159
277427,0440225701,0,The Street Lawyer,187
277427,0440236703,0,Tell No One,94
277427,0440241073,0,The Summons,171
277427,0446350982,9,Presumed Innocent,149
277427,0446602620,0,Blood Work,54
277427,0446603716,0,Hide & Seek,64
277427,0446604801,0,Jack & Jill (Alex Cross Novels),77
277427,0446607193,0,Unspeakable,55
277427,0446608890,10,Saving Faith,86
277427,0446611212,0,Violets Are Blue,150
277427,0449221482,0,J Is for Judgment,81
277427,0449221504,0,K Is for Killer (Kinsey Millhone Mysteries (Paperback)),79
277427,0451169522,0,Misery,121
277427,0451177096,0,Dolores Claiborne,124
277427,0515128600,0,The Edge,64
277427,0515132020,0,Heaven and Earth (Three Sisters Island Trilogy),95
277427,0515133302,0,Hemlock Bay,52
277427,0553268880,0,The Prince of Tides,148
277427,0553271636,0,D Is for Deadbeat (Kinsey Millhone Mysteries (Paperback)),84
277427,0553274295,0,Where the Red Fern Grows,62
277427,0553279556,0,E Is for Evidence: A Kinsey Millhone Mystery (Kinsey Millhone Mysteries (Paperback)),80
277427,0553280341,0,B Is for Burglar (Kinsey Millhone Mysteries (Paperback)),132
277427,0553280368,9,C Is for Corpse (Kinsey Millhone Mysteries (Paperback)),93
277427,0553571818,0,Long After Midnight,55
277427,0553572997,0,The Alienist,136
277427,0553582755,0,One Door Away from Heaven,91
277427,0553586122,0,Reap the Wind,50
277427,0553801430,0,By the Light of the Moon,56
277427,0609804138,0,The Sweet Potato Queens' Book of Love,82
277427,0671001795,0,Two for the Dough,126
277427,0679457313,0,The God of Small Things,87
277427,0679459626,0,Flesh and Blood,103
277427,0679731148,9,A Year in Provence,52
277427,0679751521,0,Midnight in the Garden of Good and Evil,62
277427,0684872153,0,Angela's Ashes (MMP) : A Memoir,92
277427,0688065716,0,The Sands of Time,61
277427,0743406176,8,If Only It Were True,53
277427,0743412028,9,Pay It Forward,70
277427,080410753X,0,The Kitchen God's Wife,111
277427,0804108749,0,Saint Maybe,73
277427,080411918X,0,A Patchwork Planet,57
277427,0971880107,0,Wild Animus,365
277427,1400031354,0,Tears of the Giraffe (No.1 Ladies Detective Agency),84
277427,1400034779,0,The No. 1 Ladies' Detective Agency (Today Show Book Club #8),136
277478,0345351525,0,The Queen of the Damned (Vampire Chronicles (Paperback)),96
277478,0345443284,0,While I Was Gone,141
277478,0425146413,0,Night Prey,61
277478,0425161242,0,Chromosome 6,56
277478,0425169863,0,Point of Origin,115
277478,0440234743,0,The Testament,182
277478,0446607657,0,When the Wind Blows,175
277478,0449907481,0,A Thousand Acres (Ballantine Reader's Circle),78
277478,0553268120,0,All Creatures Great and Small,50
277478,0553579606,0,Ashes to Ashes,95
277478,0553579754,0,Fear Nothing,82
277478,0553580191,0,Seize the Night,78
277478,0671003755,0,She's Come Undone (Oprah's Book Club (Paperback)),130
277478,0671888587,0,I'll Be Seeing You,77
277478,0786817879,0,"Artemis Fowl (Artemis Fowl, Book 1)",106
277478,0786868716,0,The Five People You Meet in Heaven,118
277478,080410526X,0,All I Really Need to Know,127
277639,0345391055,0,Disclosure,122
277639,034539657X,8,Dark Rivers of the Heart,58
277639,0373825013,0,"Whirlwind (Tyler, Book 1)",78
277639,0375402675,0,Rainbow Six,53
277639,0380731851,6,Mystic River,130
277639,0425126064,0,Shadow Prey,50
277639,0425133540,0,The Sum of All Fears (Jack Ryan Novels),69
277639,0425147363,8,Tom Clancy's Op-Center (Tom Clancy's Op Center (Paperback)),63
277639,042516098X,5,Hornet's Nest,97
277639,0440211727,8,A Time to Kill,210
277639,0440211891,0,Heartbeat,58
277639,0440213525,0,The Client,183
277639,0440214041,9,The Pelican Brief,236
277639,0440218535,0,Smilla's Sense of Snow,82
277639,0440222656,0,The Horse Whisperer,213
277639,0446359866,0,Presumed Innocent,149
277639,0446612790,0,2nd Chance,124
277639,0449217264,0,Alaska,50
277639,0451132378,0,Pet Sematary,120
277639,0451170385,0,Four Past Midnight,71
277639,0553478257,0,Fat Tuesday,70
277639,0590313088,0,Hideaway,90
277639,0671004565,0,We'll Meet Again,88
277639,0671034022,0,Mercy,83
278418,006016848X,0,"Men Are from Mars, Women Are from Venus: A Practical Guide for Improving Communication and Getting What You Want in Your Relationships",54
278418,0064400557,0,Charlotte's Web (Trophy Newbery),55
278418,0140244824,0,Songs in Ordinary Time (Oprah's Book Club (Paperback)),95
278418,014025448X,0,At Home in Mitford (The Mitford Years),87
278418,014034294X,0,Matilda,64
278418,0156528207,0,The Little Prince,53
278418,0312958129,0,Coming Home,51
278418,0312974256,0,Welcome to Temptation,77
278418,0345313860,0,"The Vampire Lestat (Vampire Chronicles, Book II)",124
278418,0345327853,0,Beloved,78
278418,0345348036,0,The Princess Bride: S Morgenstern's Classic Tale of True Love and High Adventure,53
278418,0345368754,0,Foucault's Pendulum,60
278418,0345380371,0,Rising Sun,113
278418,034538184X,0,Degree of Guilt,60
278418,0345384350,0,Icebound,62
278418,0345384466,0,The Witching Hour (Lives of the Mayfair Witches),102
278418,034538475X,0,The Tale of the Body Thief (Vampire Chronicles (Paperback)),82
278418,0345404114,0,Sleepers,58
278418,0345422317,0,The Genesis Code,68
278418,0373484003,0,Irish Hearts,52
278418,0374270325,0,A Man in Full,65
278418,0375702709,0,A Lesson Before Dying (Vintage Contemporaries (Paperback)),61
278418,0375703055,0,Ellen Foster,87
278418,0375725784,0,A Heartbreaking Work of Staggering Genius,67
278418,0380002930,0,Watership Down,115
278418,0380018179,0,The Thorn Birds,110
278418,0380727293,0,Dr. Atkins' New Diet Revolution,53
278418,0380789035,0,American Gods,95
278418,0385265700,0,The Book of Ruth (Oprah's Book Club (Paperback)),116
278418,0385299095,0,No Greater Love,55
278418,0385306032,0,Vanished,67
278418,0385420161,0,"Like Water for Chocolate: A Novel in Monthly Installments, With Recipes, Romances, and Home Remedies",51
278418,0385490992,0,The Street Lawyer,187
278418,0385492081,0,Into Thin Air : A Personal Account of the Mt. Everest Disaster,127
278418,038550120X,0,A Painted House,228
278418,0385722206,0,Balzac and the Little Chinese Seamstress : A Novel,111
278418,0394820371,8,The Phantom Tollbooth,50
278418,0399137734,0,Dragon Tears,54
278418,0425118703,0,Midnight,60
278418,0425120279,0,The Hunt for Red October,102
278418,042513525X,5,Hideaway,90
278418,042513699X,0,Turtle Moon,85
278418,0425145638,0,Fatal Cure,60
278418,0425147622,0,The Body Farm,95
278418,0425151867,0,Acceptable Risk,56
278418,0425155404,0,Invasion,66
278418,0425157539,0,Sudden Prey,54
278418,0425158632,0,Executive Orders (Jack Ryan Novels),52
278418,042516313X,0,Breathing Lessons,104
278418,0425170349,0,Rainbow Six,53
278418,0425178102,7,Big Trouble,77
278418,042518630X,7,Purity in Death,62
278418,0440124344,0,Family Album,53
278418,0440206154,0,Red Dragon,151
278418,0440207622,7,Daddy,74
278418,044021145X,0,The Firm,227
278418,0440220394,0,A Wrinkle in Time,76
278418,0440220602,0,The Chamber,179
278418,0440222842,0,Five Days in Paris,59
278418,0440224594,0,The Return Journey,71
278418,0440224772,0,Mirror Image,72
278418,0440226430,0,Summer Sisters,188
278418,0440235596,0,Tara Road,113
278418,0440236673,0,The Brethren,169
278418,044023669X,0,The Kiss,76
278418,0446310786,0,To Kill a Mockingbird,186
278418,0446363251,0,"Scarlett : The Sequel to Margaret Mitchell's \Gone With the Wind\""""",59
278418,0446364193,0,Along Came a Spider (Alex Cross Novels),134
278418,0446364800,0,The General's Daughter,70
278418,0446516317,0,The Witness,55
278418,044651652X,0,The Bridges of Madison County,161
278418,0446519790,0,Unspeakable,55
278418,0446520802,0,The Notebook,242
278418,0446523569,0,Message in a Bottle,212
278418,0446601640,0,Slow Waltz in Cedar Bend,112
278418,0446604275,0,Primary Colors: A Novel of Politics,68
278418,0446608955,0,A Walk to Remember,137
278418,0446609617,0,Standoff,68
278418,0446672211,0,Where the Heart Is (Oprah's Book Club (Paperback)),183
278418,0446802204,0,Master of the Game,53
278418,044922046X,0,Catering to Nobody,58
278418,0451128370,0,Christine,67
278418,0451139682,0,Different Seasons,56
278418,0451152190,0,Over the Edge,63
278418,0451153553,0,Misery,121
278418,0451155750,0,The Dead Zone,53
278418,0451156609,0,The Tommyknockers,98
278418,0451160525,0,"The Gunslinger (The Dark Tower, Book 1)",87
278418,0451162072,0,Pet Sematary,120
278418,0451172817,0,Needful Things,80
278418,0451176464,0,Gerald's Game,68
278418,0451181379,0,The Door to December,93
278418,0451183665,0,A Case of Need,77
278418,0451184963,0,Insomnia,105
278418,0451186923,0,The Deep End of the Ocean,104
278418,0452264464,0,Beloved (Plume Contemporary Fiction),53
278418,051512608X,0,The Reef,70
278418,0515126772,0,Jewels of the Sun (Irish Trilogy),81
278418,0515127833,0,River's End,77
278418,0515128546,0,Tears of the Moon (Irish Trilogy),79
278418,0515130389,8,Carolina Moon,88
278418,0515131229,8,Dance upon the Air (Three Sisters Island Trilogy),100
278418,0525941908,0,The Regulators,60
278418,0553096834,0,Couplehood,91
278418,0553256157,0,I Know Why the Caged Bird Sings,82
278418,0553272535,0,Night,76
278418,0553284789,0,F Is for Fugitive (Kinsey Millhone Mysteries (Paperback)),89
278418,055356451X,0,Night Sins,78
278418,055356773X,0,The Cereal Murders,50
278418,055357230X,0,The Clinic (Alex Delaware Novels (Paperback)),52
278418,0553580221,0,False Memory,86
278418,0670805149,0,Lake Wobegon Days,53
278418,0671002481,0,The First Wives Club Movie Tie In,50
278418,0671014919,0,My Gal Sunday,70
278418,0671024248,0,Hearts In Atlantis,65
278418,0671525743,0,Night Whispers,68
278418,0671537458,0,Waiting to Exhale,68
278418,0671617028,0,The Color Purple,119
278418,067164257X,0,GARDEN OF SHADOWS (Dollanger Saga (Paperback)),56
278418,0671670689,0,Dawn (Cutler),56
278418,0671758896,0,"Loves Music, Loves to Dance",72
278418,0671867113,0,Moonlight Becomes You,60
278418,0671886665,0,A Cry In The Night,50
278418,0679425268,0,Sole Survivor,64
278418,0688042171,0,If Tomorrow Comes,59
278418,074343627X,0,Dreamcatcher,162
278418,0743460529,0,Daddy's Little Girl,94
278418,0786817070,0,"Artemis Fowl (Artemis Fowl, Book 1)",106
278418,0786889020,0,Don't Stand Too Close to a Naked Man,73
278418,0821759744,0,Dangerous,57
278418,1559029838,0,Call of the Wild,88
254,0062502174,0,The Alchemist: A Fable About Following Your Dream,59
254,014028009X,0,Bridget Jones's Diary,278
254,0140298479,0,Bridget Jones: The Edge of Reason,73
254,0141301066,0,Matilda,64
254,0312305060,0,The Hours: A Novel,88
254,0316769487,0,The Catcher in the Rye,100
254,0345350499,0,The Mists of Avalon,68
254,0345387651,0,The Cider House Rules,149
254,0373218400,0,Table For Two,50
254,0375727345,0,House of Sand and Fog,174
254,0375823352,0,"The Amber Spyglass (His Dark Materials, Book 3)",51
254,037582345X,9,"The Golden Compass (His Dark Materials, Book 1)",131
254,0375823468,9,"The Subtle Knife (His Dark Materials, Book 2)",83
254,0380789019,0,Neverwhere,72
254,0380977788,0,Coraline,59
254,038542017X,0,"Like Water for Chocolate : A Novel in Monthly Installments with Recipes, Romances, and Home Remedies",55
254,0399146431,9,The Bonesetter's Daughter,135
254,0425092917,0,The Accidental Tourist,66
254,0439064864,9,Harry Potter and the Chamber of Secrets (Book 2),184
254,0439136350,9,Harry Potter and the Prisoner of Azkaban (Book 3),138
254,0439139597,9,Harry Potter and the Goblet of Fire (Book 4),126
254,043935806X,0,Harry Potter and the Order of the Phoenix (Book 5),105
254,0440211263,0,Circle of Friends,110
254,0441003257,0,Good Omens,55
254,0441569595,0,Neuromancer (Remembering Tomorrow),50
254,0446356832,0,The Sands of Time,61
254,0446527785,0,A Bend in the Road,116
254,0446605239,0,The Notebook,242
254,0451137965,0,Thinner,81
254,0451150244,0,Pet Sematary,120
254,0451167317,8,The Dark Half,91
254,0451524934,9,1984,76
254,0451526341,8,Animal Farm,70
254,0452282152,0,Girl with a Pearl Earring,135
254,051512317X,0,Rising Tides,61
254,051513287X,0,Face the Fire (Three Sisters Island Trilogy),99
254,0553250426,0,The Clan of the Cave Bear (Earth's Children (Paperback)),81
254,0553250531,0,The Valley of Horses,52
254,0553265741,0,Sacred Sins,53
254,0590353403,9,Harry Potter and the Sorcerer's Stone (Book 1),78
254,0618002227,8,"The Fellowship of the Ring (The Lord of the Rings, Part 1)",107
254,0618002235,0,"The Two Towers (The Lord of the Rings, Part 2)",81
254,0671021001,7,She's Come Undone (Oprah's Book Club),128
254,0679735909,0,Possession : A Romance,56
254,067976402X,0,Snow Falling on Cedars,208
254,0684874350,0,ANGELA'S ASHES,81
254,0743225406,0,The Shipping News : A Novel,72
254,0804106304,0,The Joy Luck Club,182
2276,0345366239,0,The Eight,52
2276,0345447867,9,The Apprentice,50
2276,0385505833,5,Skipping Christmas,103
2276,0425172546,9,Southern Cross,98
2276,0425182908,4,Isle of Dogs,99
2276,0440128757,8,The Gift,124
2276,0440221471,10,The Runaway Jury,168
2276,0440241537,0,The King of Torts,117
2276,0446605484,0,Roses Are Red (Alex Cross Novels),92
2276,0446609404,0,Cradle and All,109
2276,0449212602,0,The Handmaid's Tale,130
2276,0451161343,0,Thinner,81
2276,0553263226,10,The Bourne Supremacy,56
2276,0553287737,0,The Bourne Ultimatum,53
2276,0553582526,9,Dust to Dust,78
2276,0553583441,0,Touching Evil,58
2276,0671461494,0,The Hitchhiker's Guide to the Galaxy,84
2276,0679429220,0,Midnight in the Garden of Good and Evil: A Savannah Story,89
2276,0805063897,10,Nickel and Dimed: On (Not) Getting By in America,112
2766,0060392452,0,Stupid White Men ...and Other Sorry Excuses for the State of the Nation!,78
2766,0060958022,8,Five Quarters of the Orange,79
2766,0345378490,0,Congo,122
2766,0345384369,0,Intensity,71
2766,0345391802,0,The Hitchhiker's Guide to the Galaxy,84
2766,038039586X,9,Watership Down,115
2766,0380710722,0,It's Always Something,66
2766,0385508417,7,Skipping Christmas,103
2766,0425181111,0,Strangers,57
2766,0440213290,0,The Copper Beech,68
2766,0440219078,8,The Giver (21st Century Reference),55
2766,0440221595,8,The Glass Lake,67
2766,0440224837,0,The Long Road Home,54
2766,044048474X,7,Tales of a Fourth Grade Nothing,50
2766,0440498058,0,A Wrinkle In Time,61
2766,0446516538,6,Slow Waltz in Cedar Bend,112
2766,0446606812,0,Message in a Bottle,212
2766,0446611867,7,A Bend in the Road,116
2766,0449005615,9,Seabiscuit: An American Legend,69
2766,0553279912,7,A Is for Alibi (Kinsey Millhone Mysteries (Paperback)),140
2766,0671510053,0,SHIPPING NEWS,113
2766,0745926290,8,At Home in Mitford (The Mitford Years),87
2766,0786867647,0,Lucky Man: A Memoir,51
2766,0849911672,7,Angels,68
2766,1573225789,0,The Color of Water: A Black Man's Tribute to His White Mother,84
2977,0142001430,7,Year of Wonders,59
2977,0345370775,0,Jurassic Park,175
2977,0345460359,0,Drowning Ruth,60
2977,037570504X,5,"Breath, Eyes, Memory",68
2977,0440183057,0,Stillwatch,74
2977,0525945210,6,A Man Named Dave: A Story of Triumph and Forgiveness,50
2977,0553569058,0,The Robber Bride,79
2977,0670855030,0,Insomnia,105
3363,0060090367,0,Watermelon,50
3363,0060096195,0,The Boy Next Door,56
3363,0060175400,0,The Poisonwood Bible,68
3363,0060502258,0,The Divine Secrets of the Ya-Ya Sisterhood: A Novel,119
3363,0060928336,0,Divine Secrets of the Ya-Ya Sisterhood: A Novel,229
3363,0060976845,0,Little Altars Everywhere: A Novel,146
3363,0060987103,0,Wicked: The Life and Times of the Wicked Witch of the West,121
3363,0060987529,0,Confessions of an Ugly Stepsister : A Novel,90
3363,0064472272,0,"Angus, Thongs and Full-Frontal Snogging: Confessions of Georgia Nicolson",53
3363,0070212570,0,Fried Green Tomatoes at the Whistle Stop Cafe,131
3363,0140282033,0,Chocolat,104
3363,0140293248,0,The Girls' Guide to Hunting and Fishing,200
3363,0312278586,0,The Nanny Diaries: A Novel,230
3363,0345337662,0,Interview with the Vampire,177
3363,0345388968,0,How to Make an American Quilt,85
3363,0345417623,0,Timeline,146
3363,0345422392,0,Vittorio the Vampire: New Tales of the Vampires,50
3363,0345445848,0,Big Cherry Holler: A Big Stone Gap Novel (Ballantine Reader's Circle),51
3363,0375705856,0,Plainsong (Vintage Contemporaries),62
3363,0375706771,0,Midwives: A Novel,143
3363,0375726403,0,Empire Falls,104
3363,0380820293,0,Last Chance Saloon,63
3363,0385335407,0,The Kiss,76
3363,0385335482,0,Confessions of a Shopaholic (Summer Display Opportunity),120
3363,0385335881,0,Shopaholic Takes Manhattan (Summer Display Opportunity),78
3363,0385421982,0,The Pelican Brief,236
3363,038542471X,0,The Client,183
3363,0385424728,0,The Chamber,179
3363,0425105334,0,The Talisman,86
3363,042517736X,0,Abduction,50
3363,0440224675,0,Hannibal,183
3363,0446394521,0,Daisy Fay and the Miracle Man,77
3363,0446525774,0,Saving Faith,86
3363,0446605581,0,Fat Tuesday,70
3363,0446608653,0,The Alibi,64
3363,0446675059,0,The Honk and Holler Opening Soon,69
3363,0553277472,0,Zen and the Art of Motorcycle Maintenance: An Inquiry into Values,64
3363,0553582933,0,Winter Moon,62
3363,0553800973,0,Body of Lies,64
3363,0670880728,0,Bridget Jones's Diary,278
3363,0671002031,0,Temptation,61
3363,0671673688,0,While My Pretty One Sleeps,75
3363,0679772677,0,A Civil Action,61
3363,0743418174,0,Good in Bed,174
3363,0767905180,0,Jemima J: A Novel About Ugly Ducklings and Swans,70
3363,0786881852,0,Don't Sweat the Small Stuff and It's All Small Stuff : Simple Ways to Keep the Little Things from Taking Over Your Life (Don't Sweat the Small Stuff Series),90
3363,080411868X,0,"Welcome to the World, Baby Girl!",92
3363,0842329218,0,Tribulation Force: The Continuing Drama of Those Left Behind (Left Behind No. 2),74
3363,0842329242,0,Nicolae: The Rise of Antichrist (Left Behind No. 3),61
3363,089480829X,0,What to Expect When You're Expecting (Revised Edition),59
3363,1551668998,0,Beach House,57
3363,155874262X,0,Chicken Soup for the Soul (Chicken Soup for the Soul),74
3363,1558744150,0,Chicken Soup for the Woman's Soul (Chicken Soup for the Soul Series (Paper)),68
3757,0807281859,9,"The Subtle Knife (His Dark Materials, Book 2)",83
3757,8401422345,0,Fahrenheit 451,119
3757,8401491029,7,Misery,121
4017,0060915544,8,The Bean Trees,133
4017,0060929871,9,Brave New World,70
4017,0156027321,0,Life of Pi,186
4017,0312291639,0,The Nanny Diaries: A Novel,230
4017,0316182540,0,White Oleander : A Novel,116
4017,0316899984,5,"River, Cross My Heart",80
4017,0345424719,10,A Widow for One Year,97
4017,0375411550,10,The Bluest Eye,52
4017,0375502238,0,Blessings,83
4017,0375707972,10,The Reader,140
4017,0380730138,9,Vinegar Hill (Oprah's Book Club (Paperback)),104
4017,0385319207,10,One True Thing,103
4017,038533334X,10,Charming Billy,50
4017,0385502532,9,Drowning Ruth,60
4017,0425176487,0,The Pull of the Moon,54
4017,0452260116,9,Song of Solomon (Oprah's Book Club (Paperback)),57
4017,0452280621,10,Beloved,78
4017,0452282829,10,We Were the Mulvaneys,120
4017,0452283205,0,Falling Angels,62
4017,0553275976,0,The Bonfire of the Vanities,92
4017,059035342X,0,Harry Potter and the Sorcerer's Stone (Harry Potter (Paperback)),183
4017,0670892963,8,Bridget Jones : The Edge of Reason,53
4017,0671038184,10,Jewel,78
4017,0679437452,0,Range of Motion,54
4017,068484267X,10,Angela's Ashes: A Memoir,83
4017,068484477X,5,STONES FROM THE RIVER,137
4017,0786866276,0,Mother of Pearl,54
4017,0802139256,0,Peace Like a River,58
6242,0060935464,7,To Kill a Mockingbird,186
6242,0060987561,0,I Know This Much Is True,91
6242,0312195516,7,The Red Tent (Bestselling Backlist),171
6242,0312243022,8,The Hours : A Novel,60
6242,0312282990,6,The Amazing Adventures of Kavalier & Clay,50
6242,0345417941,7,The Cider House Rules,149
6242,0385494785,7,Into Thin Air : A Personal Account of the Mt. Everest Disaster,127
6242,0446670251,5,The Virgin Suicides,60
6242,0671679430,6,Vanished,67
6242,0679746048,5,"Girl, Interrupted",81
6242,0871136791,8,Cold Mountain,54
6242,1569471169,5,Falling Angels,62
6242,1573227331,6,About a Boy,64
6242,1573228214,6,High Fidelity,62
6242,1573229326,6,How to Be Good,77
6251,0060938455,0,Fast Food Nation: The Dark Side of the All-American Meal,89
6251,006101351X,0,The Perfect Storm : A True Story of Men Against the Sea,163
6251,0064407667,0,"The Bad Beginning (A Series of Unfortunate Events, Book 1)",96
6251,0064407675,0,"The Reptile Room (A Series of Unfortunate Events, Book 2)",60
6251,0156007479,0,Slammerkin,58
6251,0156028778,0,The Crimson Petal and the White,98
6251,0312980140,7,Seven Up (A Stephanie Plum Novel),111
6251,0312983271,0,Full House (Janet Evanovich's Full Series),103
6251,0345370805,0,How to Make an American Quilt,85
6251,034540288X,0,The Lost World,101
6251,0345427637,0,The Angel of Darkness,90
6251,0345465083,0,Seabiscuit,64
6251,0380717018,0,Body of Evidence (Kay Scarpetta Mysteries (Paperback)),69
6251,0380718340,0,Cruel & Unusual (Kay Scarpetta Mysteries (Paperback)),91
6251,0380807343,8,Coraline,59
6251,0380813815,10,"Lamb : The Gospel According to Biff, Christ's Childhood Pal",67
6251,0385471432,0,The Wedding,90
6251,0385475721,0,The Blind Assassin,73
6251,0385479565,0,The Hot Zone,97
6251,038550926X,0,The Devil Wears Prada : A Novel,75
6251,039913543X,0,Shadow Prey,50
6251,0399138250,0,Without Remorse,74
6251,0425097722,0,Fatherhood,66
6251,044022103X,0,One True Thing,103
6251,0440235162,0,The Smoke Jumper,78
6251,0440241162,0,Nerd in Shining Armor,52
6251,0440414806,0,Holes (Yearling Newbery),55
6251,0440998050,10,A Wrinkle in Time,76
6251,0446519804,0,The Alibi,64
6251,0446532231,10,"Dude, Where's My Country?",56
6251,0446604666,0,Sick Puppy,64
6251,0446610399,0,The Rescue,101
6251,0449221490,0,L Is for Lawless,70
6251,0449702545,0,Homecoming,61
6251,0451196856,0,The Most Wanted,60
6251,0451203895,0,4 Blondes,72
6251,0553260111,0,The Bourne Identity,71
6251,0553282476,0,CAT'S EYE,56
6251,0553560247,7,Dying for Chocolate (Culinary Mysteries (Paperback)),63
6251,0553573136,0,Couplehood,91
6251,0553574663,0,The Grilling Season,50
6251,0553574671,0,Prime Cut,53
6251,0553578308,0,Tough Cookie,50
6251,0670894605,8,The Secret Life of Bees,209
6251,0671042572,0,Jewel (Oprah's Book Club),60
6251,0671894455,0,FORREST GUMP (Movie Tie in),70
6251,0679448594,0,Primary Colors: A Novel of Politics,68
6251,067944999X,0,The Kiss,76
6251,0679744398,0,"All the Pretty Horses (The Border Trilogy, Vol 1)",56
6251,0679745203,0,The English Patient,94
6251,0786868015,0,The Diary of Ellen Rimbauer: My Life at Rose Red,65
6251,0804105820,0,It Was on Fire When I Lay Down on It,64
6251,080411109X,0,The Hundred Secret Senses,129
6251,0804114986,0,The Bonesetter's Daughter,135
6251,0804115613,0,Fried Green Tomatoes at the Whistle Stop Cafe,131
6251,0805063889,0,Nickel and Dimed: On (Not) Getting By in America,112
6251,0812550706,0,Ender's Game (Ender Wiggins Saga (Paperback)),63
6251,1400031362,0,Morality for Beautiful Girls (No.1 Ladies Detective Agency),60
6251,1573221937,0,How to Be Good,77
6323,0316693286,0,Pop Goes the Weasel,104
6323,0316693324,0,When the Wind Blows,175
6323,0385472951,0,The Partner,159
6323,0399139710,0,Acceptable Risk,56
6323,0399142282,0,Hornet's Nest,97
6323,0399142851,0,Unnatural Exposure,91
6323,0399143947,0,Point of Origin,115
6323,0399145087,0,Black Notice,123
6323,0399146253,0,The Last Precinct,129
6323,0446365505,0,Pleading Guilty,63
6323,0446601241,8,Kiss the Girls,116
6323,0446604232,0,Exclusive,52
6323,0446667900,7,A Darkness More Than Night,51
6323,0553100009,1,The Grilling Season,50
6323,0553106341,0,Dust to Dust,78
6323,0553571885,0,A Thin Dark Line (Mysteries & Horror),61
6323,0671004549,0,You Belong To Me,56
6323,0671011375,6,Death du Jour,56
6323,0671793489,0,All Around the Town,83
6323,0679417796,0,The Alienist,136
6323,0679429883,0,Eyes of a Child,51
6323,0679450408,4,Silent Witness,66
6543,0140119906,0,Love in the Time of Cholera (Penguin Great Books of the 20th Century),62
6543,0142000205,0,Icy Sparks,96
6543,0151008116,0,Life of Pi,186
6543,0312042779,7,Catering to Nobody,58
6543,0312966970,0,Four To Score (A Stephanie Plum Novel),98
6543,0312971346,0,High Five (A Stephanie Plum Novel),110
6543,0312976275,0,Hot Six : A Stephanie Plum Novel (A Stephanie Plum Novel),99
6543,0316777722,0,Me Talk Pretty One Day,146
6543,0345342968,8,Fahrenheit 451,119
6543,0345438329,0,Big Stone Gap: A Novel (Ballantine Reader's Circle),74
6543,0345447840,0,The Surgeon,74
6543,0345452534,0,The Murder Book,86
6543,0375422412,7,Three Junes,84
6543,0385730586,0,Sisterhood of the Traveling Pants,50
6543,0393046974,0,House of Sand and Fog,174
6543,0399149155,0,Q Is for Quarry,88
6543,0440212561,8,Outlander,114
6543,0446610038,9,1st to Die: A Novel,162
6543,0446611085,0,Suzanne's Diary for Nicholas,143
6543,0671041789,0,The Green Mile,91
6543,0671880314,0,Schindler's List,59
6543,0688177751,0,Miss Julia Speaks Her Mind : A Novel,61
6543,0743227441,0,The Other Boleyn Girl,53
6543,0743235150,8,Everything's Eventual : 14 Dark Tales,62
6563,0060199652,8,Prodigal Summer,58
6563,0060922532,0,Pigs in Heaven,94
6563,0061097101,10,The Saving Graces: A Novel,76
6563,0064403688,0,Jacob Have I Loved,51
6563,0140285679,0,About a Boy,64
6563,0141000198,0,Bridget Jones's Diary,278
6563,0312198493,0,Crazy for You,68
6563,0312924801,0,September,50
6563,0316690619,0,Cradle and All,109
6563,0316780375,0,The Weight of Water : A Novel Tag: Author of Resistance and Strange Fits of Passion,69
6563,0316781010,0,Fortune's Rocks: A Novel,52
6563,034541389X,0,Flesh and Blood,103
6563,038079487X,0,What Looks Like Crazy On An Ordinary Day,79
6563,0385318073,0,Evening Class,84
6563,0385336179,0,Shopaholic Ties the Knot,69
6563,0385413041,8,Beach Music,79
6563,0385508042,0,The King of Torts,117
6563,0399142401,0,Sanctuary,78
6563,0425186326,7,Family Album,53
6563,0439139600,9,Harry Potter and the Goblet of Fire (Book 4),126
6563,0440122090,0,Echoes,54
6563,0446360589,0,The Burden of Proof,69
6563,0446513067,9,The General's Daughter,70
6563,0446613266,9,Four Blind Mice,84
6563,0449217191,0,The Edge,64
6563,0451203771,0,Scarlet Feather,91
6563,0525946829,0,Quentins,51
6563,0553107240,0,Sticks & Scones,50
6563,0670032379,9,The Secret Life of Bees,209
6563,0670878847,0,The Most Wanted,60
6563,0671693816,7,Wifey,55
6563,0671727583,8,Smart Women,51
6563,0767900383,3,Under the Tuscan Sun,65
6563,0787123730,4,Mother of Pearl,54
6563,1565115430,8,Girl in Hyacinth Blue,92
6575,0060198133,8,Five Quarters of the Orange,79
6575,0099245027,0,The Testament,182
6575,0140143505,0,84 Charing Cross Road,54
6575,0140280456,0,Secrets,68
6575,015100692X,0,The Crimson Petal and the White,98
6575,0312265859,0,Hard Eight : A Stephanie Plum Novel (A Stephanie Plum Novel),113
6575,0312265867,9,To the Nines: A Stephanie Plum Novel,63
6575,0312980159,0,Fast Women,90
6575,0312990456,9,One for the Money (A Stephanie Plum Novel),63
6575,0316601950,0,The Pilot's Wife : A Novel,171
6575,0316781266,0,The Last Time They Met : A Novel,88
6575,0345298349,0,Gorky Park,50
6575,0345413350,5,"The Golden Compass (His Dark Materials, Book 1)",131
6575,0375700757,0,Cold Mountain : A Novel,93
6575,0375703861,0,White Teeth: A Novel,52
6575,0375760911,7,The Idiot Girls' Action Adventure Club,58
6575,0385324057,0,Summer Sisters,188
6575,0385491034,0,The Robber Bride,79
6575,0385720106,7,A Map of the World,120
6575,038572179X,0,Atonement : A Novel,67
6575,0399145672,0,Big Trouble,77
6575,042511774X,0,Breathing Lessons,104
6575,0425184943,4,Blue Diary,67
6575,0446310492,0,To Kill a Mockingbird,186
6575,0446359750,0,Devices and Desires,51
6575,044651862X,0,The Celestine Prophecy (Celestine Prophecy),63
6575,0446612545,0,The Beach House,142
6575,0446677388,0,Kiss the Girls,116
6575,0449209105,8,The Promise,62
6575,0449223612,0,N Is for Noose,75
6575,0449910237,0,Moo,80
6575,0449910571,0,Ladder of Years,70
6575,0451197410,0,How Stella Got Her Groove Back,101
6575,0452269571,0,Bastard Out of Carolina,62
6575,0452280397,0,Paradise,73
6575,0553580930,0,A Man in Full,65
6575,0553582135,0,Final Target,80
6575,0670839809,0,Waiting to Exhale,68
6575,0679432477,0,Empire Falls,104
6575,0688067700,0,Fat Tuesday,70
6575,0688147259,0,Notes from a Small Island,53
6575,0743237188,0,Fall On Your Knees (Oprah #45),90
6575,0743418190,0,In Her Shoes : A Novel,81
6575,0804111359,2,Secret History,70
6575,140003065X,0,A Fine Balance,63
6575,1573229725,8,Fingersmith,60
7158,0310220033,0,Vanished,67
7158,0316666009,0,1st to Die: A Novel,162
7158,0316693235,5,Violets Are Blue,150
7158,0316780812,0,Sea Glass: A Novel,59
7158,0345396065,0,Sleepers,58
7158,0345447832,0,The Surgeon,74
7158,0345453816,0,Killjoy,51
7158,0373218974,0,Temptation,61
7158,0373785070,0,Hideaway,90
7158,037540256X,0,A Patchwork Planet,57
7158,0380731479,0,The Kiss,76
7158,0385299087,0,Heartbeat,58
7158,038529929X,0,Hannibal,183
7158,0385306024,0,Accident,64
7158,0385511612,0,Bleachers,53
7158,0385720920,0,Choke,53
7158,0385721420,0,Three Junes,84
7158,0399142495,0,Small Town Girl,59
7158,0425140032,0,Dragon Tears,54
7158,0440200563,0,Fine Things,57
7158,0440221315,0,The Gift,124
7158,0440226104,7,Black and Blue,97
7158,0446527130,0,Envy,67
7158,0446527793,10,The Guardian,72
7158,0446531332,0,Nights in Rodanthe,62
7158,0446532452,8,The Wedding,90
7158,0451180232,0,Nightmares & Dreamscapes,62
7158,0452282195,0,The Bluest Eye,52
7158,0515119784,0,Range of Motion,54
7158,0553106651,0,Seize the Night,78
7158,055310666X,0,False Memory,86
7158,0553582747,8,From the Corner of His Eye,71
7158,0553582941,0,Sole Survivor,64
7158,0670844527,0,Dolores Claiborne,124
7158,0670894184,0,Back Roads,118
7158,0671004530,0,On the Street Where You Live,69
7158,0671014188,0,The Summerhouse,84
7158,067942525X,10,Intensity,71
7158,0679433740,0,Paradise,73
7158,0679439382,0,The Little Friend,51
7158,0688163165,0,Mystic River,130
7158,0743206045,0,Daddy's Little Girl,94
7158,0743411250,0,The Woman Next Door,52
7158,1551669676,0,Remember Me,87
7286,0312134517,0,Coming Home,51
7286,0380432811,0,Bridge to Terabithia,52
7346,0060977493,0,The God of Small Things,87
7346,0140092323,0,Lake Wobegon days,50
7346,0312201656,8,I Capture the Castle,66
7346,0312203039,7,High Five (A Stephanie Plum Novel),110
7346,0312924585,9,Silence of the Lambs,113
7346,0316678104,0,Fortune's Rocks : A Novel,69
7346,034543479X,0,A Widow for One Year,97
7346,0374172897,0,The Hours : A Novel,60
7346,0380564998,0,Jacob Have I Loved,51
7346,0380778556,9,Rebecca,68
7346,0385319800,0,Homecoming,61
7346,0385474016,0,"Like Water for Chocolate: A Novel in Monthly Installments With Recipes, Romances and Home Remedies",75
7346,0399139141,0,Night Prey,61
7346,0425122123,0,Clear and Present Danger (Jack Ryan Novels),57
7346,0425182878,0,Chosen Prey,73
7346,0440202043,0,Shell Seekers,72
7346,044022165X,0,The Rainmaker,180
7346,0440418321,0,"The Golden Compass (His Dark Materials, Book 1)",131
7346,0446519960,0,Absolute Power,69
7346,0446608815,0,Pop Goes the Weasel,104
7346,0449003787,8,"\O\"" Is for Outlaw""",105
7346,0449219364,8,G Is for Gumshoe (Kinsey Millhone Mysteries (Paperback)),82
7346,0449219461,7,H Is for Homicide (Kinsey Millhone Mysteries (Paperback)),70
7346,0451519167,10,Pride and Prejudice,64
7346,0451519841,8,1984,76
7346,0553122509,9,All Creatures Great and Small,50
7346,0553153277,0,Anne of Green Gables (Anne of Green Gables Novels (Paperback)),91
7346,0553213148,0,Anne of Avonlea (Anne of Green Gables Novels (Paperback)),62
7346,0553273914,0,The House of the Spirits,68
7346,0670869902,0,How Stella Got Her Groove Back,101
7346,0671042262,0,The Blue Nowhere : A Novel,66
7346,0671452177,0,WLD ACCORDNG GARP,54
7346,0671867172,9,The Lottery Winner : Alvirah And Willy Stories,58
7346,0743418204,0,In Her Shoes : A Novel,81
7346,0743436210,0,Hearts in Atlantis,52
7346,1558743669,0,"A Child Called \It\"": One Child's Courage to Survive""",85
7346,1558745157,0,The Lost Boy: A Foster Child's Search for the Love of a Family,52
7346,1573225517,0,High Fidelity,62
7915,014023313X,0,The Stone Diaries,84
7915,0312265840,9,Seven Up (A Stephanie Plum Novel),111
7915,0312983867,0,Hard Eight : A Stephanie Plum Novel (A Stephanie Plum Novel),113
7915,0316781142,0,The Last Time They Met : A Novel,88
7915,0385301499,10,Circle of Friends,110
7915,0385335121,0,Tara Road,113
7915,0425162443,0,The Rapture of Canaan,87
7915,0425163407,0,Unnatural Exposure,91
7915,0440215625,10,Dragonfly in Amber,72
7915,0440223202,0,Evening Class,84
7915,0440224624,0,The Loop,72
7915,0440514428,0,Cold Sassy Tree,94
7915,0451202341,0,Back Roads,118
7915,051512219X,0,Small Town Girl,59
7915,0553213172,0,Anne of the Island,57
8067,0312284683,10,Faking It,97
8067,0312966806,7,Tell Me Lies (Tell Me Lies),61
8067,0446610542,9,The Bachelor (Warner Books Contemporary Romance),71
8067,0449134482,0,Dances With Wolves,66
8067,0451204301,8,Impulse,50
8067,0553578316,0,Sticks & Scones,50
8067,0739302213,0,The King of Torts,117
8245,006109868X,0,Pigs in Heaven,94
8245,0312978383,8,Winter Solstice,68
8245,0316969443,7,Suzanne's Diary for Nicholas,143
8245,0385302304,9,Outlander,114
8245,0399145923,8,Carolina Moon,88
8245,0425152251,0,Sophie's World: A Novel About the History of Philosophy,54
8245,0440206529,8,Blessings,83
8245,0440216745,0,Whispers,129
8245,0446521582,0,The Honk and Holler Opening Soon,69
8245,0446606324,9,The Winner,80
8245,055358264X,8,Dream Country,50
8245,067102423X,0,Bag of Bones,54
8245,0671708635,8,Seven Habits Of Highly Effective People,54
8245,0743422449,8,Mercy,83
8245,0743431030,0,Mother of Pearl,54
8681,0316693006,0,Four Blind Mice,84
8681,0385501560,6,Choke,53
8681,0449911535,10,The Handmaid's Tale,130
8681,0553561618,0,Dark Paradise,72
8681,0670896764,0,A Day Late and a Dollar Short,53
8681,0671027360,0,Angels & Demons,195
8936,0312263120,0,Digital Fortress : A Thriller,61
8936,0345441036,0,Black House,70
8936,039914465X,9,Southern Cross,98
8936,039914613X,0,Easy Prey,73
8936,039914739X,0,Isle of Dogs,99
8936,0425132048,0,Eyes of Prey,50
8936,0425189864,0,Mortal Prey,62
8936,0440198577,0,When the Wind Blows,175
8936,0440209412,0,Message from Nam,53
8936,0440217547,0,Accident,64
8936,0440221501,0,Lightning,136
8936,0451149513,0,It,81
8936,0451161351,0,Cujo,67
8936,0451163524,0,"The Drawing of the Three (The Dark Tower, Book 2)",78
8936,0451168615,0,Skeleton Crew,82
8936,0451188462,9,Desperation,59
8936,0451210638,0,A Case of Need,77
8936,0684841185,0,Death du Jour,56
9856,0064401847,0,Bridge to Terabithia,52
9856,0345353145,6,Sphere,117
9856,0345369947,0,The Mummy or Ramses the Damned,84
9856,0345378482,0,The Andromeda Strain,59
9856,0345389425,0,Violin,66
9856,0374386137,0,A Wrinkle in Time,76
9856,0425099334,0,Shattered,58
9856,0425101452,0,Phantoms,66
9856,0425136981,0,Shadowfires,55
9856,0440180295,0,Slaughterhouse Five or the Children's Crusade: A Duty Dance With Death,50
9856,044023722X,0,A Painted House,228
9856,0451142934,0,Skeleton Crew,82
9856,055321313X,0,Anne of Green Gables (Anne of Green Gables Novels (Paperback)),91
9856,0553801341,0,From the Corner of His Eye,71
9856,0671039725,0,Carrie,57
10447,031231616X,8,I Capture the Castle,66
10447,0375506276,0,The Fourth Hand,50
10447,0399141200,0,That Camden Summer,74
10447,0425167313,0,Here on Earth,88
10447,042516876X,6,Range of Motion,54
10447,0449003795,0,P Is for Peril,83
10447,0525945814,7,Falling Angels,62
10447,0553260618,0,B Is for Burglar (Kinsey Millhone Mysteries (Paperback)),132
10447,0553582143,0,Body of Lies,64
10819,0399146601,0,Shattered,58
10819,0451191013,0,The Regulators,60
10819,0553279378,0,I Know Why the Caged Bird Sings,82
10819,0553296981,0,Anne Frank: The Diary of a Young Girl,62
10819,0671004107,0,Contact,67
10819,0671701592,0,The Hitchhiker's Guide to the Galaxy,84
10819,0786861347,0,Don't Stand Too Close to a Naked Man,73
11601,0060921145,0,Animal Dreams,59
11601,0316693200,0,2nd Chance,124
11601,0316969680,0,The Beach House,142
11601,0345413873,0,Monster : A Novel (Alex Delaware Novels (Paperback)),51
11601,0375703063,10,A Virtuous Woman (Oprah's Book Club (Paperback)),69
11601,0385315147,0,Smilla's Sense of Snow,82
11601,0385720955,0,The Blind Assassin,73
11601,0399141464,0,Cause of Death,121
11601,0425124347,0,The Bad Place,59
11601,0425143325,0,Without Remorse,74
11601,0425178579,0,Betrayal in Death,62
11601,0440200989,0,Weep No More My Lady,53
11601,0440224829,0,Granny Dan,53
11601,0446519782,0,Exclusive,52
11601,044661064X,0,The First Counsel,53
11601,0449221512,0,I Is for Innocent,79
11601,0451180410,0,Mortal Fear,62
11601,0553564528,0,Guilty as Sin,64
11601,0671014196,0,The Summerhouse,84
11601,0671683993,0,The Temple of My Familiar,54
11601,0679419454,0,Disclosure,122
11601,0679433023,0,Violin,66
11601,0679446486,0,Airframe,103
11601,0684848783,0,Tis : A Memoir,53
11676,0060008024,0,Angels,68
11676,006001203X,0,Dr. Atkins' New Diet Revolution,53
11676,0060092572,0,The Terminal Man,50
11676,0060283122,8,"The Bad Beginning (A Series of Unfortunate Events, Book 1)",96
11676,0060391626,10,I Know This Much Is True (Oprah's Book Club),59
11676,0060809833,9,Brave New World,70
11676,0060959037,0,Prodigal Summer: A Novel,50
11676,0060977477,8,The Perfect Storm : A True Story of Men Against the Sea,163
11676,0061094226,0,Choke,53
11676,0061099708,10,Colony,53
11676,0099201410,0,Breathing Lessons,104
11676,0099244926,9,The Street Lawyer,187
11676,0140099832,9,Lake Wobegon Days,53
11676,0140278826,8,The Girls' Guide to Hunting and Fishing,200
11676,0140281649,8,Love in the Time of Cholera (Penguin Great Books of the 20th Century),62
11676,0141007338,5,About a Boy,64
11676,0142001805,0,The Eyre Affair: A Novel,54
11676,0151885338,5,The Temple of My Familiar,54
11676,0312422156,0,Middlesex: A Novel,94
11676,0312983824,7,Faking It,97
11676,0316089699,0,Sea Glass: A Novel,59
11676,0316154067,0,Void Moon,50
11676,0316154075,9,A Darkness More Than Night,51
11676,0316769177,9,The Catcher in the Rye,100
11676,0340493593,0,The Wedding,90
11676,0345292340,8,Fahrenheit 451,119
11676,0345329767,7,Remember Me,87
11676,0345339703,0,"The Fellowship of the Ring (The Lord of the Rings, Part 1)",107
11676,0345339711,0,"The Two Towers (The Lord of the Rings, Part 2)",81
11676,0345384377,6,Sole Survivor,64
11676,0345386108,10,Winter Moon,62
11676,0345389417,7,Servant of the Bones,50
11676,0345402871,0,Airframe,103
11676,0345404319,0,Taltos: Lives of the Mayfair Witches,54
11676,0345413865,0,Billy Straight : A Novel,56
11676,0345420748,8,While I Was Gone,141
11676,0345439104,0,Drowning Ruth (Oprah's Book Club),63
11676,0345444884,9,The Talisman,86
11676,0345449347,7,The Fourth Hand,50
11676,0345453808,0,Killjoy,51
11676,0373218036,9,"Truly, Madly Manhattan",64
11676,0373218192,8,Engaging The Enemy,51
11676,0373218397,8,Summer Pleasures,56
11676,0373483503,10,Macgregor Brides (Macgregors),52
11676,0373483694,0,Macgregor Grooms (Macgregors),54
11676,0373484224,0,Stanislaski Brothers (Silhouette Promo),52
11676,0374237131,0,Presumed Innocent,149
11676,0375421440,0,Three Junes,84
11676,0375504397,3,Black House,70
11676,038000917X,0,Rebecca,68
11676,0380727501,7,Notes from a Small Island,53
11676,0385234104,0,Fatherhood,66
11676,0385260083,7,The Robber Bride,79
11676,0385311923,7,Lightning,136
11676,038531258X,7,Cold Sassy Tree,94
11676,0385312660,10,Second Nature,50
11676,038531292X,10,The Gift,124
11676,0385315309,10,Five Days in Paris,59
11676,0385316879,0,Journey,68
11676,038531695X,8,The Ghost,50
11676,0385317093,8,Granny Dan,53
11676,0385319568,9,The Long Road Home,54
11676,0385319959,0,Outlander,114
11676,0385334036,1,The Smoke Jumper,78
11676,0385335555,0,Tell No One,94
11676,0385416342,7,The Firm,227
11676,0385472943,0,The Runaway Jury,168
11676,0385497466,0,The Brethren,169
11676,0385503822,8,The Summons,171
11676,0394535979,10,Beloved,78
11676,0394539079,8,The House of the Spirits,68
11676,0394551540,8,Alaska,50
11676,0394563492,7,A Civil Action,61
11676,0394580567,10,It Was on Fire When I Lay Down on It,64
11676,0395272211,10,"The Return of the King (The Lord of the Rings, Part 3)",80
11676,0395353009,8,The Prince of Tides,148
11676,0399131434,0,Strangers,57
11676,0399133143,8,The Tommyknockers,98
11676,0399135782,9,The Kitchen God's Wife,111
11676,0399138749,0,Mr. Murder,79
11676,0399140557,0,Practical Magic,77
11676,0399141065,0,Contagion,56
11676,0399144137,9,Rainbow Six,53
11676,0399144714,9,Vector,59
11676,0399146164,6,Riptide,87
11676,0399147128,0,The Villa,97
11676,0399147381,0,Hemlock Bay,52
11676,0399148027,8,Blue Diary,67
11676,0399148248,9,Midnight Bayou,72
11676,039914840X,8,Three Fates,81
11676,0399148639,8,Mortal Prey,62
11676,0399900705,0,The Bourne Identity,71
11676,042510107X,0,Red Storm Rising,84
11676,0425109720,0,Patriot Games (Jack Ryan Novels),64
11676,0425147584,6,Debt of Honor (Jack Ryan Novels),59
11676,0425166619,6,Toxin,56
11676,042518109X,0,Whispers,129
11676,0425181103,0,Phantoms,66
11676,0425189031,9,Portrait in Death,50
11676,0440115450,9,The Cradle Will Fall,58
11676,0440201926,8,Kaleidoscope,69
11676,0440203856,7,Zoya,59
11676,0440213282,0,No Greater Love,55
11676,0440216842,7,The Carousel,56
11676,0440217563,0,Voyager,63
11676,0446354732,8,Nothing Lasts Forever,51
11676,0446355453,0,Master of the Game,53
11676,0446364495,2,The Bridges of Madison County,161
11676,0446516325,10,Fat Tuesday,70
11676,0446525502,8,The Rescue,101
11676,0446525537,10,A Walk to Remember,137
11676,0446525804,0,Last Man Standing,65
11676,0446527017,8,Standoff,68
11676,0446527033,8,The Switch,83
11676,0446527165,9,Wish You Well,84
11676,0446527289,8,The First Counsel,53
11676,0446603309,8,The Witness,55
11676,0446605409,10,Plum Island,57
11676,0446606189,9,Cat & Mouse (Alex Cross Novels),74
11676,0446607207,10,Tell Me Your Dreams,51
11676,0446607711,9,The Simple Truth,85
11676,0446679100,8,The General's Daughter,70
11676,0449223604,5,M Is for Malice,72
11676,0450411435,8,It,81
11676,0451124340,0,Different Seasons,56
11676,0451145070,0,Cujo,67
11676,0451150694,0,Christine,67
11676,0451157443,5,Carrie,57
11676,0451166892,0,The Pillars of the Earth,85
11676,0451190750,0,Thinner,81
11676,0451192001,0,How Stella Got Her Groove Back,101
11676,0451204948,10,A Day Late and a Dollar Short,53
11676,0451209907,9,Quentins,51
11676,0452279178,10,"Wizard and Glass (The Dark Tower, Book 4)",56
11676,0452281903,10,A Man Named Dave: A Story of Triumph and Forgiveness,50
11676,0515120618,9,Montana Sky,59
11676,0515121843,9,Sea Swept (Quinn Brothers (Paperback)),60
11676,0515122734,10,Sanctuary,78
11676,0515124214,0,Inner Harbor (Quinn Brothers (Paperback)),59
11676,0515124893,0,Homeport,58
11676,0515128554,8,Heart of the Sea (Irish Trilogy),74
11676,051513628X,0,Key of Light (Key Trilogy (Paperback)),68
11676,0515136379,7,Key of Knowledge (Key Trilogy (Paperback)),62
11676,0515136530,10,"Key of Valor (Roberts, Nora. Key Trilogy, 3.)",63
11676,0553204343,8,All Creatures Great and Small,50
11676,0553210181,0,Pride and Prejudice,64
11676,0553212583,0,Wuthering Heights,78
11676,0553255851,0,Where the Red Fern Grows,62
11676,0553278029,8,A Great Deliverance,55
11676,0553289411,8,The Plains of Passage (Earth's Children (Paperback)),60
11676,0553295977,0,Carnal Innocence,53
11676,055356160X,9,Cry Wolf,58
11676,0553569910,7,The Ugly Duckling,65
11676,0553578022,0,The Face of Deception,51
11676,0553578693,10,The Next Accident,63
11676,0553581554,6,The Killing Game: Only One Can Win...and the Loser Dies,53
11676,0553582127,7,The Search,66
11676,0553582763,7,By the Light of the Moon,56
11676,0553582895,8,Dark Rivers of the Heart,58
11676,0671000853,8,Night Whispers,68
11676,0671004573,10,Before I Say Good-Bye,76
11676,0671011367,8,Deja Dead,69
11676,067101420X,4,"Forever... : A Novel of Good and Evil, Love and Hope",55
11676,0671014218,10,The Mulberry Tree,69
11676,0671019074,8,The Color Purple,119
11676,0671026011,0,The Empty Chair,54
11676,0671027387,10,Deception Point,69
11676,0671032992,8,Heartbreaker,88
11676,0671034057,0,Now You See Her,52
11676,0671042858,10,The Girl Who Loved Tom Gordon,70
11676,067155302X,10,Harvest,53
11676,0671568175,7,Let Me Call You Sweetheart,64
11676,0671776800,10,Paradise,73
11676,0671822209,0,WLD ACCORDNG GARP,54
11676,0679403612,9,Saint Maybe,73
11676,0679435328,0,The Angel of Darkness,90
11676,0684801523,5,The Great Gatsby,59
11676,0684843137,0,ANGELA'S ASHES,81
11676,0684865742,8,Tis: A Memoir,52
11676,0684872382,10,Pay It Forward,70
11676,0743211383,8,Dreamcatcher,162
11676,0743410181,0,Temptation,61
11676,0743418131,0,Deck the Halls (Holiday Classics),58
11676,0743424425,0,The Shining,50
11676,0749399570,7,The Joy Luck Club,182
11676,0786002832,0,Dangerous,57
11676,0786890436,7,The Diary of Ellen Rimbauer: My Life at Rose Red,65
11676,0804119708,9,Over the Edge,63
11676,0842329129,9,Left Behind: A Novel of the Earth's Last Days (Left Behind No. 1),99
11676,1551666839,0,Dead Run,50
11676,1573220221,8,The Color of Water: A Black Man's Tribute to His White Mother,84
11676,1573222038,9,Fingersmith,60
11993,0440224845,0,Bittersweet,62
11993,0893756113,10,Pride and Prejudice,64
12538,0425081818,0,The Talisman,86
12538,0425083837,0,The Hunt for Red October,102
12538,0446329894,0,If Tomorrow Comes,59
12538,0446613843,0,The Jester,68
12538,0451186362,0,Rose Madder,81
12538,0451524667,10,Animal Farm,70
12538,0515107476,0,The Witness,55
12538,0517542099,0,The Hitchhiker's Guide to the Galaxy,84
12538,0670260770,0,The Dead Zone,53
12538,0671439960,0,WLD ACCORDNG GARP,54
12538,0671867091,0,Remember Me,87
12538,0812505166,0,Wuthering Heights,78
12824,0375507779,7,The Talisman,86
12824,0441304834,0,Guilty Pleasures (Anita Blake Vampire Hunter (Paperback)),52
12824,0446676098,0,The Notebook,242
12824,0451157753,0,Pet Sematary,120
12824,0451169514,0,It,81
12824,0670835382,8,Four Past Midnight,71
12824,0679438335,6,Servant of the Bones,50
12824,0743467523,0,Dreamcatcher,162
12824,0881037214,0,The Dead Zone,53
12982,0374115370,8,The Bonfire of the Vanities,92
12982,0553293176,9,Dangerous,57
12982,0671528203,0,Stillwatch,74
12982,0671702505,8,The Gift,124
12982,0679431136,8,Congo,122
12982,0785787828,0,Contact,67
13082,0440408091,9,Journey,68
13082,0449700895,0,Homecoming,61
13082,0515133973,0,Midnight Bayou,72
13082,0671741195,0,The Cradle Will Fall,58
13082,0690040784,0,Jacob Have I Loved,51
13082,0785734783,0,Along Came a Spider (Alex Cross Novels),134
13082,0802753183,0,Silent Witness,66
13273,0312971125,0,Crazy for You,68
13273,0515120898,0,The Pull of the Moon,54
13273,0679879242,0,"The Golden Compass (His Dark Materials, Book 1)",131
13273,0679879250,0,"The Subtle Knife (His Dark Materials, Book 2)",83
13273,0679879269,0,"The Amber Spyglass (His Dark Materials, Book 3)",51
13273,0770427758,0,Drums of Autumn,54
13273,0842329110,9,Left Behind: A Novel of the Earth's Last Days (Left Behind No. 1),99
13552,0140292683,8,The Girls' Guide to Hunting and Fishing,200
13552,0312995423,8,Digital Fortress : A Thriller,61
13552,0345339738,0,"The Return of the King (The Lord of the Rings, Part 3)",80
13552,0345425308,7,Violin,66
13552,0425119920,0,Strangers,57
13552,0440236851,0,The Wedding,90
13552,0451126661,0,The Dead Zone,53
13552,0451184114,0,Dolores Claiborne,124
13552,051511992X,7,That Camden Summer,74
13552,0515132187,0,The Villa,97
13552,0515135062,0,Three Fates,81
13552,0515137111,0,Birthright,52
13552,0553574574,0,Beach Music,79
13552,067942573X,8,Taltos: Lives of the Mayfair Witches,54
13552,0767914767,0,The Devil Wears Prada : A Novel,75
14422,0151191530,8,The Color Purple,119
14422,0316734837,8,Fortune's Rocks : A Novel,69
14422,038077139X,8,Secrets,68
14422,0394513924,0,Congo,122
14422,0394572343,8,Breathing Lessons,104
14422,0446603589,8,Absolute Power,69
14422,0451193881,0,The Shining,50
14422,0553800914,0,The Search,66
14422,0618129111,7,"The Return of the King (The Lord of the Rings, Part 3)",80
14422,1568652860,0,Invasion,66
14521,0345413369,0,"The Subtle Knife (His Dark Materials, Book 2)",83
14521,0399141146,0,The Hundred Secret Senses,129
14521,0451183940,0,Different Seasons,56
14521,0451197747,0,The Deep End of the Ocean,104
14521,0671032658,0,The Green Mile,91
14521,0679893105,0,"The Golden Compass (His Dark Materials, Book 1)",131
14521,1570424810,0,Naked,53
15408,0316779490,9,Naked,53
15408,0425178765,0,Easy Prey,73
15408,0590434985,0,Jacob Have I Loved,51
15408,0590996835,0,Matilda,64
15408,067088300X,0,The Girls' Guide to Hunting and Fishing,200
15408,0671027352,0,Angels & Demons,195
15408,0671727796,0,The Color Purple,119
15408,0671867156,0,Pretend You Don't See Her,105
15408,0679432019,0,Moo,80
15408,0679442790,0,The Reader,140
15408,0743457358,0,Everything's Eventual : 14 Dark Tales,62
15408,0804113475,0,Ladder of Years,70
15408,0939149354,0,Falling Angels,62
15418,0552998931,0,Chocolat,104
15418,069452008X,0,Divine Secrets of the Ya-Ya Sisterhood: A Novel,229
15957,0060512822,0,The Poisonwood Bible,68
15957,0688102719,0,No Greater Love,55
15957,0860074382,9,84 Charing Cross Road,54
16106,0061097314,0,The Bean Trees,133
16106,0446610100,0,Wish You Well,84
16106,0446611778,0,Last Man Standing,65
16106,0449218473,0,Journey,68
16106,0743500504,9,The Carousel,56
16634,0312022824,8,Silence of the Lambs,113
16634,0312244266,0,Winter Solstice,68
16634,0345310594,10,Interview with the Vampire,177
16634,0345466624,7,Over the Edge,63
16634,0380699745,0,Lightning,136
16634,0385302312,0,Dragonfly in Amber,72
16634,0385302320,0,Voyager,63
16634,0385311400,0,Drums of Autumn,54
16634,039913039X,8,Skeleton Crew,82
16634,0451093380,0,The Dead Zone,53
16634,0451205421,0,The Door to December,93
16634,0452262143,8,"The Drawing of the Three (The Dark Tower, Book 2)",78
16634,0452283795,0,Wanderlust,81
16634,0452284694,0,"The Gunslinger (The Dark Tower, Book 1)",87
16634,0553213105,0,Pride and Prejudice,64
16634,0553287397,0,Dark Angel,54
16634,0553801376,0,One Door Away from Heaven,91
16634,061333633X,0,Timeline,146
16634,061826051X,0,"The Fellowship of the Ring (The Lord of the Rings, Part 1)",107
16634,0618260552,0,"The Return of the King (The Lord of the Rings, Part 3)",80
16634,0618260595,0,"The Two Towers (The Lord of the Rings, Part 2)",81
16634,067082982X,8,The Dark Half,91
16634,1400031699,0,The Little Friend,51
16795,0060008032,0,Angels,68
16795,0060086246,0,Last Chance Saloon,63
16795,0060168013,0,Pigs in Heaven,94
16795,0062502182,8,The Alchemist: A Fable About Following Your Dream,59
16795,0151006725,0,Slammerkin,58
16795,0312252617,0,Fast Women,90
16795,0345019520,0,Sphere,117
16795,0345354621,0,The Terminal Man,50
16795,0345386132,0,Eyes of a Child,51
16795,0345447859,0,The Apprentice,50
16795,037383571X,6,Dark Angel,54
16795,0385295944,0,Kaleidoscope,69
16795,0385296495,6,Zoya,59
16795,0385299079,0,Message from Nam,53
16795,0399143874,0,Homeport,58
16795,0425144429,0,Mr. Murder,79
16795,0440194903,8,When the Wind Blows,175
16795,0440208912,0,Harvest,53
16795,044021596X,0,Heartbreaker,88
16795,0440225272,0,Homecoming,61
16795,0446353957,8,Mirror Image,72
16795,0446357421,0,If Tomorrow Comes,59
16795,0446609943,5,The Switch,83
16795,0446679593,0,Suzanne's Diary for Nicholas,143
16795,0505524996,0,Contact,67
16795,0525934251,0,Bastard Out of Carolina,62
16795,0553292722,0,Still Waters,83
16795,0553584707,0,Catering to Nobody,58
16795,0609810901,0,Carrie,57
16795,0670220264,10,Christine,67
16795,0684841177,0,Deja Dead,69
16795,0743412273,9,Pet Sematary,120
16795,0743428706,0,The Carousel,56
16795,087113795X,8,Peace Like a River,58
16916,0385319576,0,Bittersweet,62
16916,0425188809,0,Watchers,71
16916,0425190374,0,Practical Magic,77
16916,0440224853,0,The Ghost,50
16916,0553110942,0,Carnal Innocence,53
16916,0671568825,0,Now You See Her,52
16916,0739416537,0,Dreamcatcher,162
16966,0684835975,0,We'll Meet Again,88
17950,0385294638,0,Wanderlust,81
17950,0385297661,0,Daddy,74
17950,0385315090,0,Mirror Image,72
17950,0385493800,5,The Testament,182
17950,0399143165,0,Toxin,56
17950,0399147284,0,Chosen Prey,73
17950,0451188764,5,Rose Madder,81
17950,0553235109,5,Secrets,68
17950,0670868361,8,Desperation,59
17950,0679441557,0,Ladder of Years,70
17950,0679444815,0,Timeline,146
17950,0688084915,0,Nothing Lasts Forever,51
17950,0688166911,5,Tell Me Your Dreams,51
18067,0156012197,0,The Little Prince,53
18067,0394589424,0,Rising Sun,113
18067,0684871270,0,The Blue Nowhere : A Novel,66
18401,0671034006,0,Heartbreaker,88
18401,0843950293,0,Violets Are Blue,150
19085,0380447436,0,No Greater Love,55
19085,0399146334,0,Easy Prey,73
19085,0553579983,8,And Then You Die,50
19085,0679460381,0,Violin,66
19085,1559277254,0,Hard Eight : A Stephanie Plum Novel (A Stephanie Plum Novel),113
20201,0515131210,0,Shattered,58
21014,0061097640,8,I Know This Much Is True,91
21014,0156028352,0,The Color Purple,119
21014,0345463153,0,The Fourth Hand,50
21014,0399128409,0,Smart Women,51
21014,0425146812,0,Second Nature,50
21014,0425152499,0,Practical Magic,77
21014,0425192725,0,Q Is for Quarry,88
21014,0449911012,0,The Genesis Code,68
21014,0525945563,0,Red Dragon,151
21014,0553100017,0,Prime Cut,53
21014,0553107232,0,Tough Cookie,50
21014,0785700099,0,All Around the Town,83
21576,0374266441,6,Smilla's Sense of Snow,82
21576,0399146377,0,The Last Precinct,129
21576,0440800544,8,A Wrinkle in Time,76
21576,0451523652,0,Pride and Prejudice,64
21576,0743535774,8,Angels & Demons,195
21576,1570420297,0,Kiss the Girls,116
21659,074754364X,0,While I Was Gone,141
22625,0394587863,0,The Witching Hour (Lives of the Mayfair Witches),102
22625,0425168468,0,Practical Magic,77
22625,1878448900,9,Girl in Hyacinth Blue,92
23288,0399140093,0,Mind Prey,53
23288,0590471724,0,The Secret Garden,79
23768,014130538X,0,Call of the Wild,88
23768,0375401601,0,Vittorio the Vampire: New Tales of the Vampires,50
23768,039454689X,0,The Accidental Tourist,66
23768,0399137203,0,Turtle Moon,85
23768,0425092178,0,Strangers,57
23768,0446523321,0,The Simple Truth,85
23768,0446611808,0,Envy,67
23768,0451161394,0,Beloved,78
23768,0671525433,0,Dark Angel,54
23768,0880299185,0,Wuthering Heights,78
23768,1573220167,0,High Fidelity,62
23872,0385319673,7,Red Dragon,151
23872,0531085880,8,Dreamcatcher,162
23872,0671448331,10,The Testament,182
23872,1573226122,7,Lord of the Flies,120
23902,0001047973,9,Brave New World,70
23902,0060094818,8,Divine Secrets of the Ya-Ya Sisterhood: A Novel,229
23902,0099143712,8,Fried Green Tomatoes at the Whistle Stop Cafe,131
23902,0140293469,9,High Fidelity,62
23902,0316769533,10,The Catcher in the Rye,100
23902,0374234574,8,Pleading Guilty,63
23902,0394572300,0,A Year in Provence,52
23902,044022425X,7,Drums of Autumn,54
23902,0521403979,10,The Color Purple,119
23902,0571206484,5,Prodigal Summer,58
23902,0739308920,9,Cold Mountain,54
23902,1853715085,0,Watermelon,50
24194,0312926294,0,The Carousel,56
24921,0446676071,0,Message in a Bottle,212
24921,0446691798,0,Nights in Rodanthe,62
24921,0670853097,0,The Stone Diaries,84
24921,074350884X,0,Envy,67
25409,0743437640,0,The Mulberry Tree,69
25601,0451213599,0,Four Past Midnight,71
25601,0613222407,6,Rainbow Six,53
25601,0679430628,9,Jurassic Park,175
25981,0140863222,0,The Regulators,60
25981,0399138994,10,Mr. Murder,79
25981,0399149848,5,Birthright,52
25981,0553452991,5,The Firm,227
25981,0553502697,0,From the Corner of His Eye,71
25981,0871883937,0,Red Storm Rising,84
25981,1570427119,0,Void Moon,50
25981,1570428581,0,Cradle and All,109
26535,0373272979,0,Last Man Standing,65
26535,0399141227,0,Montana Sky,59
26544,0312953186,0,Flesh and Blood,103
26544,0316693707,0,Kiss the Girls,116
26544,0380782413,8,Heartbeat,58
26544,0425180638,0,The Last Precinct,129
26544,0821744941,0,Dark Angel,54
26593,0440784743,10,Tales of a Fourth Grade Nothing,50
26593,0805059555,0,"\O\"" Is for Outlaw""",105
27617,0330375253,0,Bridget Jones's Diary,278
27617,0786011440,0,Cradle and All,109
28204,0345413377,0,"The Amber Spyglass (His Dark Materials, Book 3)",51
28204,0385311079,0,The Carousel,56
28204,0553149660,0,The Catcher in the Rye,100
28204,0553479148,0,The Long Road Home,54
28204,0670813648,0,Misery,121
28204,0671673653,0,All Around the Town,83
28204,0679416781,0,The English Patient,94
28204,0804117683,0,Moo,80
28360,0618260285,0,"The Return of the King (The Lord of the Rings, Part 3)",80
28523,0425172996,0,Vector,59
28523,0425184129,0,Big Trouble,77
28591,0821763776,0,Whispers,129
28634,039914515X,0,Black Notice,123
29259,0345360001,10,The Mummy or Ramses the Damned,84
29259,0385315236,0,The Horse Whisperer,213
29259,0553208071,0,Night,76
29259,0881039217,0,Bridge to Terabithia,52
29855,0385307756,0,The Copper Beech,68
29855,0399134980,0,The Bad Place,59
29855,0440212723,0,Cold Sassy Tree,94
29855,0451194861,0,"Wizard and Glass (The Dark Tower, Book 4)",56
29855,0553097156,0,Long After Midnight,55
29855,0670846503,2,Gerald's Game,68
29855,0679430946,0,The Hot Zone,97
29855,0821736612,0,Night Prey,61
30276,0061083259,9,Dreamcatcher,162
30487,067940712X,0,One True Thing,103
30487,0786808012,0,"Artemis Fowl (Artemis Fowl, Book 1)",106
30511,0385721676,8,Oryx and Crake,58
30511,0397001517,0,To Kill a Mockingbird,186
30511,1580601200,7,Beloved,78
30533,0312965788,0,All Creatures Great and Small,50
30533,0345419081,0,The Eight,52
30533,0385470819,7,A Time to Kill,210
30533,044651506X,0,Plum Island,57
30533,0899193099,8,Cold Sassy Tree,94
30711,0330332775,6,Bridget Jones's Diary,278
30711,0375430520,0,Fortune's Rocks: A Novel,52
30711,061328125X,8,The Virgin Suicides,60
30711,0671501488,0,Waiting to Exhale,68
30972,0312982585,0,Cry Wolf,58
31315,0060179333,0,Colony,53
31315,0373218540,0,Dangerous,57
31315,038097617X,0,Watermelon,50
31315,0385182449,8,Pet Sematary,120
31315,0385313543,10,The Glass Lake,67
31315,0395404258,0,The Handmaid's Tale,130
31315,039913879X,9,Fatal Cure,60
31315,0399139087,0,Second Nature,50
31315,0399141383,10,Sudden Prey,54
31315,039914496X,10,Certain Prey,64
31315,0451178017,8,Over the Edge,63
31315,0515130966,0,Riptide,87
31315,0553099612,9,Night Sins,78
31315,0553106333,8,Ashes to Ashes,95
31315,0553258001,0,The Cider House Rules,149
31315,0670822167,0,Vanished,67
31315,0670851086,0,Nightmares & Dreamscapes,62
31315,0679454454,0,Sick Puppy,64
31315,0684810395,10,Pretend You Don't See Her,105
31315,0684855631,9,The Empty Chair,54
31315,0688162827,10,Tell Me Your Dreams,51
31315,0743418166,10,Good in Bed,174
31315,0917053087,0,The Gift,124
31391,0451525884,0,Pride and Prejudice,64
31556,0060283130,7,"The Reptile Room (A Series of Unfortunate Events, Book 2)",60
31556,0394517482,7,Gorky Park,50
31556,0394543963,0,The Bourne Supremacy,56
31556,0553227467,0,Red Dragon,151
31556,0618129081,9,"The Two Towers (The Lord of the Rings, Part 2)",81
31826,0061001023,0,Birthright,52
31826,037540435X,10,Timeline,146
31826,0425047075,10,Whispers,129
31826,0451072804,10,Carrie,57
31826,0451126505,10,Cujo,67
31826,0671682911,10,GARDEN OF SHADOWS (Dollanger Saga (Paperback)),56
31846,0374120803,9,Charming Billy,50
32195,038531437X,0,The Wedding,90
32195,0425177777,0,Dead Run,50
32195,0517008254,0,Cradle and All,109
32195,0553800949,8,Final Target,80
32195,0684832291,0,My Gal Sunday,70
32440,0140039589,0,Watership Down,115
32440,0446676446,0,Presumed Innocent,149
32440,071814385X,0,Last Chance Saloon,63
32440,0752837680,0,Still Waters,83
32440,B00001U0CP,0,Unnatural Exposure,91
32721,0434009407,0,Hannibal,183
32721,2290303348,9,Neverwhere,72
32773,0140867163,0,"The Gunslinger (The Dark Tower, Book 1)",87
32773,0345409663,7,Servant of the Bones,50
32773,0451160444,0,Christine,67
32773,0879236493,9,The Secret Garden,79
33974,0553582917,0,Intensity,71
35050,0345320328,0,Fahrenheit 451,119
35050,0380752166,0,Shadowfires,55
35050,0380796090,0,Watermelon,50
35050,0439099390,0,The Secret Garden,79
35050,0553247409,0,Anne of Avonlea (Anne of Green Gables Novels (Paperback)),62
35050,060629807X,0,2nd Chance,124
35050,0671664964,0,The Hitchhiker's Guide to the Galaxy,84
35050,0812533550,0,Ender's Game (Ender Wiggins Saga (Paperback)),63
35433,3442451221,9,Timeline,146
35836,0425097609,6,Whispers,129
35836,0451117298,10,Cujo,67
35836,0553106643,5,Fear Nothing,82
35836,0671746065,3,The Hitchhiker's Guide to the Galaxy,84
35836,1568654685,3,Dark Paradise,72
35857,0316285269,0,White Oleander : A Novel,116
35857,0316899992,4,"River, Cross My Heart",80
35857,0380799502,0,Bittersweet,62
35857,0399144412,0,The Reef,70
35857,0671034014,0,Mercy,83
35857,0679438025,6,Midnight in the Garden of Good and Evil,62
35857,0679449728,0,The Pull of the Moon,54
35857,0684844729,0,STONES FROM THE RIVER,137
35857,0689851324,0,Homecoming,61
35857,0821776037,0,Whispers,129
35857,096533192X,0,The Secret Life of Bees,209
35859,0312252943,0,Welcome to Temptation,77
35859,0312853238,0,Ender's Game (Ender Wiggins Saga (Paperback)),63
35859,0345291506,0,Night Whispers,68
35859,034531820X,0,Angels,68
35859,0375701524,0,The Hundred Secret Senses,129
35859,0380783479,0,The Kiss,76
35859,0385121679,10,The Shining,50
35859,039913414X,0,The Edge,64
35859,0399136738,6,Hideaway,90
35859,039914207X,0,Chromosome 6,56
35859,0399143904,0,Rainbow Six,53
35859,0399147586,0,Chosen Prey,73
35859,0425135039,0,Homecoming,61
35859,0446522597,0,The Winner,80
35859,0446600733,0,Impulse,50
35859,0451160940,8,Different Seasons,56
35859,0452267196,0,Carrie,57
35859,0670813028,9,It,81
35859,0679429247,0,The English Patient,94
35859,0679452664,0,Airframe,103
35859,1558176136,0,When the Wind Blows,175
35859,1565115074,0,Falling Angels,62
35859,1570427143,8,Pop Goes the Weasel,104
36606,0375414819,0,A Fine Balance,63
36606,0440222915,0,Outlander,114
36606,0553474294,0,Five Days in Paris,59
36606,0613377176,0,"Girl, Interrupted",81
36606,067942850X,0,Into the Wild,71
36606,0706430131,0,Wuthering Heights,78
36606,0743225422,0,The Shipping News : A Novel,72
36606,0764225111,0,Sanctuary,78
36609,0375502912,0,Seabiscuit: An American Legend,69
36609,0739302248,9,The King of Torts,117
36609,0743200985,0,Tis: A Memoir,52
36609,0743439651,0,Still Waters,83
36836,002542730x,0,Politically Correct Bedtime Stories: Modern Tales for Our Life and Times,82
36836,0151001006,0,Snow Falling on Cedars,208
36836,0151327653,0,Foucault's Pendulum,60
36836,0312084986,0,All Creatures Great and Small,50
36836,0380004283,0,Watership Down,115
36836,038524813x,0,Mercy,83
36836,0394584082,0,The Bourne Ultimatum,53
36836,0399131493,0,Red Storm Rising,84
36836,0425161617,0,The Accidental Tourist,66
36836,0613012631,0,The Lost World,101
36836,0671434004,0,Contact,67
36836,0671638688,0,It's Always Something,66
36836,0679400702,0,How to Make an American Quilt,85
36836,068803036X,0,The Cider House Rules,149
36836,0807282375,0,"The Amber Spyglass (His Dark Materials, Book 3)",51
36836,140003065x,0,A Fine Balance,63
36907,0152023984,0,The Little Prince,53
37567,0099479419,0,Ladder of Years,70
37567,0140293450,0,About a Boy,64
37712,0345468694,0,Blessings,83
37712,0425194515,0,Midnight,60
37712,067972866X,8,Ellen Foster,87
37950,0061043354,7,Riptide,87
37950,1573220876,8,About a Boy,64
38023,055321201X,10,The Secret Garden,79
38023,0671037692,0,Long After Midnight,55
38023,0679445080,8,Cause of Death,121
38273,0394580702,0,Devices and Desires,51
38273,0785734988,5,The Giver (21st Century Reference),55
39281,0743486226,0,Angels & Demons,195
39646,0399133909,0,Midnight,60
39646,0446609145,0,Void Moon,50
39646,0553106236,0,The Face of Deception,51
39646,0679450424,0,No Safe Place,53
39773,0060129565,0,The Thorn Birds,110
39773,0739301985,0,Skipping Christmas,103
39773,0765342294,0,Ender's Game (Ender Wiggins Saga (Paperback)),63
39773,1587886987,0,Three Fates,81
40889,0446613436,0,The Guardian,72
40943,0373107048,0,Dark Paradise,72
40943,0385335970,9,Dragonfly in Amber,72
41841,0152465030,8,The Little Prince,53
41841,0965605914,0,I Know This Much Is True,91
42914,0452279607,8,"The Gunslinger (The Dark Tower, Book 1)",87
43246,0060830956,0,Brave New World,70
43246,0340696621,0,"Wizard and Glass (The Dark Tower, Book 4)",56
43246,0345378261,0,Now You See Her,52
43246,0375431063,0,Scarlet Feather,91
43246,0399133194,0,Lightning,136
43246,0451525817,10,The Secret Garden,79
43246,067087311X,0,Icy Sparks,96
43246,0770426182,0,Smilla's Sense of Snow,82
43246,0881845337,0,Flesh and Blood,103
43842,0385299281,0,Whispers,129
43842,0440242002,0,Bleachers,53
43842,0451210859,0,"The Drawing of the Three (The Dark Tower, Book 2)",78
43842,0743406184,0,If Only It Were True,53
43842,0812544447,0,The Guardian,72
44296,0316639842,0,Unnatural Exposure,91
44296,0449000753,0,Dances With Wolves,66
44296,0670032549,0,"The Gunslinger (The Dark Tower, Book 1)",87
44296,068985790X,0,Mirror Image,72
46398,037540290X,6,A Widow for One Year,97
46398,051513449X,7,Guilty Pleasures (Anita Blake Vampire Hunter (Paperback)),52
46398,0670451932,9,Cujo,67
46398,068484477x,0,STONES FROM THE RIVER,137
47316,0553582909,9,Icebound,62
47316,0743411420,0,Sanctuary,78
48494,0394588169,0,Jurassic Park,175
48494,0792727770,0,Quentins,51
48494,1551669145,0,Dead Run,50
48494,1587881969,0,Betrayal in Death,62
49109,0451128389,0,Christine,67
49109,0758204779,0,Temptation,61
49109,0786006587,0,When the Wind Blows,175
49460,0394561104,0,Sphere,117
49889,0064470598,0,Jacob Have I Loved,51
49889,0345448219,8,Kaleidoscope,69
51094,0515128422,0,Invasion,66
51450,0061084409,0,The Beach House,142
51450,0425184498,0,The Boy Next Door,56
51450,0553525131,9,The Return Journey,71
51883,0373107455,0,Coming Home,51
51883,0451171810,0,The Dark Half,91
51883,0590453866,0,Beach House,57
51883,0821735926,10,No Greater Love,55
51883,1551666340,7,Impulse,50
52199,0345293568,9,Beloved,78
52199,0451521560,0,Animal Farm,70
52199,0679433015,9,Servant of the Bones,50
52203,0590112899,0,"The Subtle Knife (His Dark Materials, Book 2)",83
52203,2253006734,7,Rebecca,68
52584,0440237025,0,Journey,68
52584,0449231666,0,Homecoming,61
52584,0670858692,0,Rose Madder,81
52853,0553801163,0,Sacred Sins,53
52917,0140295569,0,High Fidelity,62
52917,0553289721,0,Mercy,83
53174,0385293925,0,Family Album,53
53174,0385295278,0,Fine Things,57
53174,0449128725,0,Birthright,52
53628,2070512541,8,Matilda,64
55187,0451210840,0,"The Gunslinger (The Dark Tower, Book 1)",87
55490,1568654243,10,Contact,67
55492,044041833X,0,"The Subtle Knife (His Dark Materials, Book 2)",83
55492,0440418569,0,"The Amber Spyglass (His Dark Materials, Book 3)",51
55492,0446607177,0,Riptide,87
55492,0451210875,0,"Wizard and Glass (The Dark Tower, Book 4)",56
55492,0553057626,0,Dark Angel,54
55548,0385308426,0,Cold Sassy Tree,94
55548,0553211412,0,Wuthering Heights,78
55548,0739408011,0,Carolina Moon,88
55548,157566335X,0,When the Wind Blows,175
55734,0451178599,0,Needful Things,80
55734,0553450530,0,The Bourne Identity,71
55734,0553472348,5,The Chamber,179
55734,0881030317,0,Lord of the Flies,120
55892,0060158638,9,The Bean Trees,133
55892,0671045857,9,The Girl Who Loved Tom Gordon,70
56271,0140327592,8,Matilda,64
56271,0330332767,4,Bridget Jones's Diary,278
56271,1860491022,10,I Capture the Castle,66
56360,0425161285,0,Turtle Moon,85
56360,3426616904,0,About a Boy,64
56399,0060541814,10,The Andromeda Strain,59
56399,0140094199,10,When the Wind Blows,175
56399,0552998486,0,Chocolat,104
56856,0425193799,0,Tales of a Fourth Grade Nothing,50
56856,0446359173,0,Daddy,74
56856,076790592X,0,"Tuesdays with Morrie: An Old Man, a Young Man, and Life's Greatest Lesson",142
56959,0553472828,10,The Runaway Jury,168
56959,0553474286,0,The Horse Whisperer,213
56959,0671522906,10,Mind Prey,53
56959,0671582321,0,Ashes to Ashes,95
59172,0394570480,0,Daddy,74
59172,0553115715,0,Bittersweet,62
59172,0739301047,0,Blessings,83
59172,1586214055,0,Four Blind Mice,84
59727,0670272663,0,Different Seasons,56
60244,037541178X,0,While I Was Gone,141
60244,0375806709,9,The Phantom Tollbooth,50
60244,0449911608,0,Saint Maybe,73
60244,068419337X,6,SHIPPING NEWS,113
60244,0743204697,0,The Woman Next Door,52
60244,0874066565,9,The Ugly Duckling,65
60277,0553210211,0,Wuthering Heights,78
61619,0425155439,0,The Rapture of Canaan,87
61619,055356160x,0,Cry Wolf,58
61619,067976402x,0,Snow Falling on Cedars,208
61619,0743477154,0,Postmortem,78
61619,0804830363,0,Bittersweet,62
62272,0446341851,0,Master of the Game,53
62895,0553264850,0,Red Dragon,151
62895,0752843338,10,Dust to Dust,78
62895,185326041X,0,The Great Gatsby,59
63714,1852865024,10,Jurassic Park,175
63714,1855494892,10,The Lost World,101
63938,014037468X,0,Matilda,64
63938,0736608095,0,The Bourne Identity,71
63938,193223442X,0,Strangers,57
64436,0525945938,0,Scarlet Feather,91
66680,0440477093,0,The Secret Garden,79
69042,0446364673,0,The Gift,124
69078,0670824399,8,Matilda,64
69078,0785799540,0,The Stone Diaries,84
69232,0312044194,0,September,50
69232,0399145060,0,The Edge,64
69232,0446611905,0,Coming Home,51
69232,0843930187,0,Sanctuary,78
69232,1551665352,0,Remember Me,87
69355,0892438770,0,The Promise,62
69405,2226093753,0,Contagion,56
69697,0380790963,0,The Promise,62
69697,0399144706,0,River's End,77
69697,0439420105,0,Harry Potter and the Chamber of Secrets (Book 2),184
69697,0843945656,9,The Switch,83
69697,1551662736,0,Rising Tides,61
69697,1551667320,0,Shattered,58
69697,B0000T6KHI,0,Three Fates,81
69808,0451518012,8,Animal Farm,70
69971,0312864035,0,The Gift,124
69971,0345441184,0,The Mists of Avalon,68
69971,0395082560,10,"The Return of the King (The Lord of the Rings, Part 3)",80
70052,0385086954,0,Carrie,57
71712,0345418972,0,Sphere,117
71712,0385315066,0,The Return Journey,71
71712,0694519405,0,I Know This Much Is True,91
72352,0671670069,10,Guardian Angel,56
72352,1551668874,0,Heartbreaker,88
72992,2070335550,0,Matilda,64
72992,2266005669,0,Jurassic Park,175
72992,2290302511,0,Carrie,57
73394,0060575913,0,Coraline,59
73394,006109367X,0,Over the Edge,63
73394,0380760061,0,Temptation,61
73394,0425161633,0,Second Nature,50
73394,0843945672,0,Eyes of Prey,50
73681,0375728198,7,A Bend in the Road,116
73681,0785727094,0,Dolores Claiborne,124
73681,B00009NDAN,9,Winter Solstice,68
76151,0671870998,10,The Wedding,90
76223,0439358078,0,Harry Potter and the Order of the Phoenix (Book 5),105
76352,0446693332,0,The Wedding,90
76352,0451139739,0,Christine,67
76352,0553123904,0,The Guardian,72
76352,0590433466,0,The Secret Garden,79
76499,055338001X,1,I Know Why the Caged Bird Sings,82
76499,0850919649,10,Dreamcatcher,162
76499,0882330918,7,Envy,67
76818,0060541830,0,Congo,122
76942,0375408266,4,The Reader,140
78553,0821759167,10,The Gift,124
78783,1587886936,0,Three Fates,81
78834,0375802118,0,"The Subtle Knife (His Dark Materials, Book 2)",83
78973,0316733741,0,The Beach House,142
78973,0425162028,7,Phantoms,66
78973,0446692638,9,Along Came a Spider (Alex Cross Novels),134
78973,0450053598,7,Midnight,60
78973,0671010387,8,We'll Meet Again,88
78973,2266105329,7,Accident,64
79186,0345418271,0,Foucault's Pendulum,60
79441,006101351x,8,The Perfect Storm : A True Story of Men Against the Sea,163
80538,0345410017,8,Fahrenheit 451,119
80538,0375402926,0,Cold Mountain,54
80538,B00009EF82,10,Hannibal,183
81560,0618346279,9,"The Return of the King (The Lord of the Rings, Part 3)",80
81977,0394415256,8,The Andromeda Strain,59
82407,068419337x,8,SHIPPING NEWS,113
82511,0330489313,0,Faking It,97
82831,0151072558,0,Animal Farm,70
82831,068484267x,0,Angela's Ashes: A Memoir,83
82893,0345274318,10,Fahrenheit 451,119
82893,0743482891,0,Now You See Her,52
85426,0060958324,0,Zen and the Art of Motorcycle Maintenance: An Inquiry into Values,64
85526,0613064054,0,The Hitchhiker's Guide to the Galaxy,84
85701,0553801198,0,Dream Country,50
85993,0743490304,0,Deception Point,69
86202,0670848549,0,Secret History,70
86243,0739307444,0,Oryx and Crake,58
87141,0785758941,9,Clear and Present Danger (Jack Ryan Novels),57
87141,0807071390,0,Sole Survivor,64
87141,B00007CWQC,0,The Villa,97
87746,0374266425,0,Sophie's World: A Novel About the History of Philosophy,54
87746,0399124470,0,Bittersweet,62
87974,0374181136,0,Flesh and Blood,103
87974,0679781307,0,The Reader,140
88283,0446676438,0,When the Wind Blows,175
88283,0743532430,0,The Switch,83
88677,0373834063,8,Abduction,50
88733,0385299311,0,Guardian Angel,56
88733,0671673645,0,"Loves Music, Loves to Dance",72
88733,0898041481,10,Scarlet Feather,91
88733,1569874115,10,The Secret Garden,79
88733,1571740325,8,Bittersweet,62
88793,055347765X,10,Evening Class,84
88937,0345418980,0,The Andromeda Strain,59
88937,0553527371,8,A Map of the World,120
91203,0394578260,0,Journey,68
91832,044021145x,0,The Firm,227
91832,0446393452,0,Paradise,73
91832,080410526x,0,All I Really Need to Know,127
92547,0821753606,0,Whispers,129
92853,0749336021,0,The Joy Luck Club,182
93047,0440977096,9,The Secret Garden,79
93085,0440208319,0,The Switch,83
93085,0590471015,0,Silent Witness,66
93085,0821719629,0,Impulse,50
94242,9505112076,0,Matilda,64
94347,0684800357,8,STONES FROM THE RIVER,137
94853,0749320346,9,The Bridges of Madison County,161
94923,0141803053,0,Scarlet Feather,91
94923,0375402896,6,N Is for Noose,75
94923,0553479024,0,False Memory,86
94923,1570429715,0,A Darkness More Than Night,51
94985,0375508414,8,Fried Green Tomatoes at the Whistle Stop Cafe,131
94985,0671516884,7,Schindler's List,59
95193,0380001225,0,84 Charing Cross Road,54
95193,0394490185,0,Journey,68
95359,0375418954,8,The Fourth Hand,50
95359,0787120332,0,Small Town Girl,59
95359,1565117794,10,Life of Pi,186
95903,0452262933,0,1984,76
95932,0060584750,0,Mystic River,130
95932,0446322059,0,Dark Paradise,72
95932,0613033191,0,The Deep End of the Ocean,104
95991,0590437615,0,The Promise,62
96054,0739302043,0,The Da Vinci Code,226
96448,1569873925,10,The Secret Garden,79
98297,074932032X,0,Slow Waltz in Cedar Bend,112
98391,0446612251,9,Back Roads,118
98391,0553802380,9,The Next Accident,63
98391,0670032573,5,"Wizard and Glass (The Dark Tower, Book 4)",56
98391,0671027379,8,Deception Point,69
98391,0843950382,9,Dangerous,57
98391,1594140979,10,Sanctuary,78
98741,0385495226,0,The Hot Zone,97
98741,0679415831,0,Now You See Her,52
98741,0812523369,0,Pride and Prejudice,64
98741,1885628501,0,The Gift,124
100459,0156465116,8,The Little Prince,53
100459,0399134654,7,Rules of Prey,52
100459,0679423664,0,"Girl, Interrupted",81
100644,0671789228,0,All Around the Town,83
100846,0312110707,6,Southern Cross,98
100846,1931056323,0,The Bonesetter's Daughter,135
100906,1841953237,0,The Crimson Petal and the White,98
101209,0446604976,0,Dangerous,57
101305,0446679089,0,Plum Island,57
102702,0373612591,0,Cradle and All,109
102702,0618260269,10,"The Fellowship of the Ring (The Lord of the Rings, Part 1)",107
102967,0312914725,0,The Carousel,56
102967,0385297548,0,Blessings,83
102967,0385319193,0,Daddy,74
102967,051511992x,0,That Camden Summer,74
102967,0553237799,8,I Know Why the Caged Bird Sings,82
102967,0618129030,0,"The Fellowship of the Ring (The Lord of the Rings, Part 1)",107
104636,0451160916,0,The Shining,50
104636,0553527304,0,Sacred Sins,53
104636,0613173538,10,The Lost Boy: A Foster Child's Search for the Love of a Family,52
106816,0345419014,0,The Terminal Man,50
107021,0373703066,0,Guardian Angel,56
107021,0446601764,0,Beloved,78
107453,039548930X,0,"The Return of the King (The Lord of the Rings, Part 3)",80
107453,0395489318,0,"The Fellowship of the Ring (The Lord of the Rings, Part 1)",107
107453,0395489334,0,"The Two Towers (The Lord of the Rings, Part 2)",81
107453,1402505272,10,"A Child Called \It\"": One Child's Courage to Survive""",85
107784,0451139755,0,Pet Sematary,120
107951,0385335989,9,Drums of Autumn,54
108005,0553381539,0,Beach Music,79
108352,0965868850,0,Charming Billy,50
109574,0671003763,8,The Temple of My Familiar,54
109574,0786243066,10,The Secret Life of Bees,209
109901,0340528281,0,Paradise,73
110029,0006177379,0,Secrets,68
110029,0593045254,0,The Smoke Jumper,78
110973,0373104359,0,Abduction,50
110973,0451520750,0,Pride and Prejudice,64
110973,0553527568,0,The Blind Assassin,73
111174,038572179x,0,Atonement : A Novel,67
111174,0525244581,9,The Tao of Pooh,77
111947,0312104170,0,Riptide,87
112001,030703979X,10,Jurassic Park,175
112001,0385299265,10,Harvest,53
112001,0525938028,0,A Case of Need,77
112001,0553506307,10,Dark Angel,54
112001,0606191267,10,The Notebook,242
112001,0671469525,10,Stillwatch,74
112001,0681565918,0,Toxin,56
112001,1565122054,10,Ellen Foster,87
112881,055321215X,0,Pride and Prejudice,64
112881,0812505018,0,The Secret Garden,79
113904,055347880X,9,The Loop,72
114414,0451519582,0,Wuthering Heights,78
114414,0785727345,0,"Loves Music, Loves to Dance",72
114414,0849938716,0,Angels,68
114444,0395051029,0,Wuthering Heights,78
114865,0330480987,0,Riptide,87
114865,0586064540,8,The Bourne Supremacy,56
115120,0446677124,0,The Burden of Proof,69
115120,0785380566,0,Angels,68
115490,0141311363,0,Matilda,64
116599,3190025355,0,Pride and Prejudice,64
120093,0452284724,5,"Wizard and Glass (The Dark Tower, Book 4)",56
120093,0606287973,0,Icebound,62
120093,0670032557,0,"The Drawing of the Three (The Dark Tower, Book 2)",78
120548,1572701137,0,Rebecca,68
121726,0436140969,0,Foucault's Pendulum,60
123625,0340546727,7,Dolores Claiborne,124
123790,0451519000,0,Animal Farm,70
123790,0743417178,0,If Only It Were True,53
123981,0804817774,0,Bittersweet,62
124487,031298328x,0,Full Tilt (Janet Evanovich's Full Series),79
124487,034538184x,0,Degree of Guilt,60
124487,042511774x,0,Breathing Lessons,104
124487,044023722x,0,A Painted House,228
124487,051512317x,0,Rising Tides,61
124487,074343627x,0,Dreamcatcher,162
124942,0671001787,0,Alaska,50
125203,207036822X,9,1984,76
125519,0385470789,10,A Time to Kill,210
125692,0425064026,0,Secrets,68
126492,0453009573,7,Dolores Claiborne,124
127233,0061090956,0,Still Waters,83
127233,0553502166,0,The Wedding,90
127233,0613293339,0,The Return Journey,71
127233,0891078215,0,The Gift,124
127359,0451156595,8,Beloved,78
127359,0553199439,0,The Bourne Ultimatum,53
127429,0380730405,0,Rebecca,68
127429,0385310382,0,Heartbreaker,88
127429,0439228913,0,Wuthering Heights,78
127429,0895772116,0,Call of the Wild,88
127429,1570426384,0,The Simple Truth,85
127914,038081322X,0,It's Always Something,66
128835,0679420649,0,Degree of Guilt,60
129008,0694524379,0,Prodigal Summer,58
129358,0451402502,0,Impulse,50
129358,0821746480,0,The Gift,124
130474,0141305479,0,Wuthering Heights,78
130474,038512449X,0,Cry Wolf,58
130474,039912442X,0,Red Dragon,151
130474,0688013651,0,Master of the Game,53
130474,0786011629,0,Vanished,67
130474,0930044177,0,Outlander,114
130554,1896095011,5,Dreamcatcher,162
130571,0385294182,0,Secrets,68
130571,0525937927,0,Mortal Fear,62
131046,0345342003,0,Fahrenheit 451,119
131402,009179952X,0,Three Junes,84
131402,009927454X,0,Midnight in the Garden of Good and Evil,62
131855,0099271273,0,The Rainmaker,180
131855,0340653655,0,Rose Madder,81
131855,0450588866,0,Dolores Claiborne,124
132083,0451180240,0,The Surgeon,74
133567,3404131215,0,Carrie,57
133571,0613236882,8,Blood Work,54
133747,0590407201,9,The Secret Garden,79
133747,0816728992,0,Anne of the Island,57
134837,0099760118,7,Beloved,78
135149,0965739228,0,Oryx and Crake,58
135458,051513449x,0,Guilty Pleasures (Anita Blake Vampire Hunter (Paperback)),52
135831,0590460307,0,Wuthering Heights,78
136205,0553272853,0,Over the Edge,63
137190,0751529028,3,Harvest,53
138097,0743535766,7,Angels & Demons,195
138441,0553526375,0,Carnal Innocence,53
138441,0553712837,7,Skipping Christmas,103
138441,1401397522,0,The Five People You Meet in Heaven,118
138441,1587880636,0,Shattered,58
138844,0451410491,0,Insomnia,105
138844,0606191283,0,Mother of Pearl,54
138844,0752821563,8,Tara Road,113
139467,0140272100,5,Vanished,67
139742,1590862910,10,The Pillars of the Earth,85
140000,0440238153,10,"The Amber Spyglass (His Dark Materials, Book 3)",51
141493,0385471440,0,The Wedding,90
141710,0385500769,0,A Map of the World,120
141710,0553527290,7,Circle of Friends,110
141710,1569471428,0,"Breath, Eyes, Memory",68
142093,087131763X,0,Dr. Atkins' New Diet Revolution,53
142524,006017322X,0,To Kill a Mockingbird,186
143175,0060535520,4,Dr. Atkins' New Diet Revolution,53
143175,0399146385,0,Riptide,87
143175,0553471392,10,The Client,183
143175,0553473158,0,The Glass Lake,67
143175,0553478826,0,The Ghost,50
143175,0553478907,0,A Man in Full,65
143175,0553527738,0,The Copper Beech,68
143175,0553756869,0,The Sweet Potato Queens' Book of Love,82
143175,0671043811,9,We'll Meet Again,88
143175,0743505158,0,Envy,67
143175,0743528271,8,In Her Shoes : A Novel,81
143175,0787106127,0,That Camden Summer,74
143175,1570427135,8,Pop Goes the Weasel,104
143175,1586210998,0,Suzanne's Diary for Nicholas,143
143175,1587882337,9,Fast Women,90
143253,0590437941,0,The Ugly Duckling,65
143415,1551661780,0,Night Whispers,68
144131,185381752X,0,Flesh and Blood,103
144531,0425186768,0,Isle of Dogs,99
145641,0375728007,0,A Walk to Remember,137
146348,0606009833,0,Red Storm Rising,84
147847,0517580446,0,The Edge,64
147847,0739420704,0,Isle of Dogs,99
147965,0553239767,5,The Catcher in the Rye,100
148744,0425131785,0,Flesh and Blood,103
148744,0425192032,0,Lightning,136
148744,0446329185,0,Master of the Game,53
149907,0020697406,0,The Lost World,101
150124,0786004517,0,Flesh and Blood,103
150968,0446523364,0,Riptide,87
150968,093798650X,0,"The Gunslinger (The Dark Tower, Book 1)",87
150979,1570426201,7,The Simple Truth,85
152249,0066237440,0,Coraline,59
152249,0690040792,0,Jacob Have I Loved,51
153662,0307121062,9,The Ugly Duckling,65
153662,0345361393,0,The Apprentice,50
153662,0440295556,0,The Partner,159
153662,0446602760,9,The Guardian,72
153662,0505524147,0,Dark Angel,54
153662,0786000872,9,The Promise,62
153662,1557735476,0,Dust to Dust,78
155014,0590430033,8,Call of the Wild,88
155014,0762102543,0,Presumed Innocent,149
155147,0397321651,0,The Secret Garden,79
155147,1586212230,8,Naked,53
155916,0749317647,0,Slow Waltz in Cedar Bend,112
156150,0385335997,8,Voyager,63
156150,076790592x,0,"Tuesdays with Morrie: An Old Man, a Young Man, and Life's Greatest Lesson",142
158295,0399145168,8,Black Notice,123
158295,0399147608,0,Hemlock Bay,52
158295,0812518500,4,Midnight,60
160819,0613292146,0,The Copper Beech,68
162639,0613271785,10,Tara Road,113
162639,0890813515,0,The Promise,62
162738,0743412281,0,Pet Sematary,120
163804,0385043805,0,Rebecca,68
164533,0399529209,0,Lord of the Flies,120
164533,B00008WFXL,0,The Da Vinci Code,226
165308,0375416048,7,Bridget Jones: The Edge of Reason,73
165308,0679410996,0,Rising Sun,113
166123,0553527126,0,A Great Deliverance,55
166123,0671043080,0,Jewel,78
166123,1570426058,0,Message in a Bottle,212
166596,0140154973,0,Harvest,53
166596,0440238137,0,"The Golden Compass (His Dark Materials, Book 1)",131
166596,0451204492,0,The Promise,62
166596,055347703X,0,Couplehood,91
166596,1568652895,0,Homecoming,61
167800,0440213886,7,Echoes,54
167800,0451200756,0,The Witness,55
167800,0553563475,0,The Rescue,101
168064,0553289713,0,Night,76
168245,2226036733,0,Misery,121
169663,014023313x,4,The Stone Diaries,84
169699,0849932998,0,Angels,68
170184,0312335164,0,Digital Fortress : A Thriller,61
171118,0446679194,6,Devices and Desires,51
171118,0451516508,7,Wuthering Heights,78
171118,0553381342,0,The Bonfire of the Vanities,92
172512,1551662647,0,Impulse,50
173835,0688057624,0,The Cider House Rules,149
174092,037570437X,0,Snow Falling on Cedars,208
174791,0553567187,0,I'll Be Seeing You,77
175003,0553292447,0,Reap the Wind,50
175886,0440163773,0,No Greater Love,55
177458,0060504544,0,Coraline,59
177458,0399145206,0,Certain Prey,64
177458,039914823X,0,How to Be Good,77
177458,0399148949,0,Mortal Prey,62
177458,0671570676,0,Harvest,53
177458,0671582569,0,Dust to Dust,78
177458,0671883127,0,Second Nature,50
177458,0676973922,0,The Fourth Hand,50
177458,0743504771,0,Sudden Prey,54
177458,1565112318,7,Neverwhere,72
177458,1570429898,0,The First Counsel,53
177458,1586211978,0,Violets Are Blue,150
177690,0739420267,0,Impulse,50
178667,0394447689,5,The Terminal Man,50
178667,074350996X,0,Still Waters,83
179978,0451519949,0,Call of the Wild,88
180348,0345351371,0,The Eight,52
180651,0747522251,8,Snow Falling on Cedars,208
180651,0747557276,0,The Fourth Hand,50
181687,1586212869,10,The Beach House,142
182987,0385504217,0,The Da Vinci Code,226
182987,0802134270,0,Paradise,73
182993,0743474163,0,Paradise,73
183287,2277260029,0,Neverwhere,72
183287,2743609621,8,Mystic River,130
184299,0440295521,0,The Runaway Jury,168
184299,0451139704,0,Cujo,67
184299,0739406388,0,Timeline,146
185384,037387233X,0,Blessings,83
187145,0385337930,0,A Painted House,228
187145,0399141707,0,Cause of Death,121
187256,0553225472,0,I Know Why the Caged Bird Sings,82
187517,067187036X,0,Fahrenheit 451,119
189334,0571129498,9,The Loop,72
189835,0140867155,5,"The Drawing of the Three (The Dark Tower, Book 2)",78
189835,0312138946,5,Wuthering Heights,78
189835,0515076252,5,Secrets,68
189835,0671045865,5,The Girl Who Loved Tom Gordon,70
189835,0679449574,0,Midnight in the Garden of Good and Evil: A Savannah Story,89
189835,0743235185,5,Everything's Eventual : 14 Dark Tales,62
189835,0785764836,5,Insomnia,105
189835,0812967259,5,The Lost World,101
189835,0831778415,5,Needful Things,80
189835,0833532065,5,"The Gunslinger (The Dark Tower, Book 1)",87
189835,0886825075,5,The Gift,124
189835,1565116674,5,"The Fellowship of the Ring (The Lord of the Rings, Part 1)",107
191187,0739407635,0,Standoff,68
193499,0739307312,9,The Da Vinci Code,226
196047,0553199412,0,The Bourne Identity,71
196077,0553574035,0,The Edge,64
196457,034540288x,8,The Lost World,101
196457,0375404686,0,Snow Falling on Cedars,208
197659,039527222X,10,"The Two Towers (The Lord of the Rings, Part 2)",81
198711,0385304277,0,Journey,68
200226,0316095133,8,Evening Class,84
200226,1860498280,9,Slammerkin,58
200674,0505524759,0,The Promise,62
200674,157815054X,0,Shadow Prey,50
201290,0679457976,8,Airframe,103
201526,0553247816,0,Where the Red Fern Grows,62
203240,0380973634,0,Neverwhere,72
203799,0140129189,0,Lake Wobegon Days,53
204522,0446608912,0,Heartbreaker,88
204591,0743412508,5,Naked,53
204864,1932234039,0,Strangers,57
208410,0712653570,0,Red Dragon,151
209373,0451139798,8,Carrie,57
209756,0440114950,0,Cry Wolf,58
210485,0922066728,0,A Time to Kill,210
210792,0440295181,0,The Firm,227
210959,0553470469,0,The Pelican Brief,236
211919,1557040915,0,Dances With Wolves,66
212898,0385427107,0,The Hot Zone,97
212898,0886776953,0,Killjoy,51
212923,0060518286,0,"The Bad Beginning (A Series of Unfortunate Events, Book 1)",96
214786,0345418913,0,The Hitchhiker's Guide to the Galaxy,84
216012,155166044X,7,No Safe Place,53
217375,0345371291,0,Temptation,61
217375,0394583892,0,Plum Island,57
217740,0590542443,9,"The Amber Spyglass (His Dark Materials, Book 3)",51
218552,0525407200,0,Tales of a Fourth Grade Nothing,50
218552,0553502492,5,Tara Road,113
218552,1587887789,2,Midnight Bayou,72
219546,0451150643,0,Cujo,67
219546,0553287796,7,Heartbeat,58
220278,0399138404,0,Without Remorse,74
220278,0451150716,9,Carrie,57
222204,0380793156,9,Colony,53
222296,0679762833,0,Midnight in the Garden of Good and Evil,62
223154,0743532805,0,Night Prey,61
223154,0743532953,0,Ashes to Ashes,95
224138,1557737681,0,Ashes to Ashes,95
224349,0553525654,0,Tara Road,113
224349,0553528041,0,Final Target,80
224349,0736655220,0,High Fidelity,62
224764,0451192834,0,Dark Angel,54
225087,0340625880,0,Sanctuary,78
225087,0739427113,0,The Other Boleyn Girl,53
225087,0770421083,0,Anne of the Island,57
225763,1570427690,5,Saving Faith,86
226545,0373092881,0,Second Nature,50
227447,0694522899,0,Postmortem,78
227447,1566190932,0,Pride and Prejudice,64
228764,0061085081,0,Homecoming,61
228764,0451407083,0,Dangerous,57
228764,0613394763,0,Intensity,71
229329,0140037896,8,Night,76
229551,0786222743,0,Harry Potter and the Prisoner of Azkaban (Book 3),138
230522,0517056992,0,Breathing Lessons,104
230522,0618153993,9,"The Two Towers (The Lord of the Rings, Part 2)",81
230522,0671047876,0,Before I Say Good-Bye,76
231210,0821739948,0,One True Thing,103
231857,074321644X,0,Dreamcatcher,162
232131,0453007775,0,Waiting to Exhale,68
233911,0394579453,1,The Mummy or Ramses the Damned,84
233911,067945277X,1,Sole Survivor,64
233911,0694525057,0,Mystic River,130
233911,0743520548,1,Daddy's Little Girl,94
233911,1557734216,0,Ashes to Ashes,95
234359,0743467213,6,The Wedding,90
234597,0808517635,10,Different Seasons,56
234623,0739420712,0,Skipping Christmas,103
234828,B00001IVC7,0,Desperation,59
236058,0613026993,0,"The Golden Compass (His Dark Materials, Book 1)",131
236959,0061007501,0,Cradle and All,109
238120,0060093102,0,Mystic River,130
238120,0312181108,0,I Capture the Castle,66
238120,0380974509,0,The Promise,62
238120,0425106268,0,The Boy Next Door,56
238120,0613032950,0,Animal Dreams,59
238120,0618260277,0,"The Two Towers (The Lord of the Rings, Part 2)",81
238120,0679407715,0,Saint Maybe,73
238557,0425170799,0,Southern Cross,98
238557,0440295424,0,The Rainmaker,180
238781,0843945524,0,Paradise,73
238864,0140238212,10,Pride and Prejudice,64
239594,0394429869,8,I Know Why the Caged Bird Sings,82
239594,0440238145,9,"The Subtle Knife (His Dark Materials, Book 2)",83
239594,0449001164,7,The Promise,62
239594,184195425X,9,Life of Pi,186
240144,0743527631,0,The Pillars of the Earth,85
240144,0745168086,0,The Handmaid's Tale,130
240568,0739420062,0,A Bend in the Road,116
241548,074323359X,0,Misery,121
241980,0452284708,0,"The Drawing of the Three (The Dark Tower, Book 2)",78
241980,0453008003,10,Gerald's Game,68
241980,0613025024,10,Desperation,59
241980,0613171004,9,Bag of Bones,54
242106,0394524063,10,The Mists of Avalon,68
242646,0743474198,0,Heartbreaker,88
245645,0882705164,0,Tough Cookie,50
245827,0842319662,0,Journey,68
245963,0345283651,0,Southern Cross,98
245963,0380781506,0,Remember Me,87
245963,0453004687,0,Thinner,81
247429,073940086X,0,Mirror Image,72
248718,031202164X,8,Ashes to Ashes,95
250405,0399144781,0,Southern Cross,98
250405,0679458174,0,Silent Witness,66
251613,0553471759,0,Coming Home,51
252695,051513113X,0,The Edge,64
252695,055347331X,0,Voyager,63
252848,0590325183,0,Secrets,68
254206,555053150X,9,Christine,67
254899,078710566X,0,The Hundred Secret Senses,129
255218,0375704167,0,Timeline,146
256167,038524813X,0,Mercy,83
256407,0425143295,0,Over the Edge,63
256407,0671047930,0,Heartbreaker,88
257204,0345364775,0,Kaleidoscope,69
257204,0553381547,0,The Prince of Tides,148
258534,0451186125,9,Insomnia,105
259629,1567404731,0,The Valley of Horses,52
260897,0446693790,10,"Dude, Where's My Country?",56
261105,0140259627,0,How Stella Got Her Groove Back,101
261829,225317114X,0,Invasion,66
263877,0451211081,0,A Day Late and a Dollar Short,53
263877,0613335864,0,False Memory,86
264031,0739417096,10,On the Street Where You Live,69
264317,0425148637,0,The Body Farm,95
264317,0613224450,0,Still Waters,83
264317,0736605673,0,Animal Farm,70
264317,0833563505,0,The Queen of the Damned (Vampire Chronicles (Paperback)),96
264317,B000234N76,0,Falling Angels,62
265313,0440777062,0,The Secret Garden,79
265313,0451521196,0,Wuthering Heights,78
266865,0531001725,10,The Catcher in the Rye,100
266865,0613185048,0,Circle of Friends,110
268932,0192815032,8,Pride and Prejudice,64
269566,0670809381,0,Echoes,54
271284,0812519108,0,The Secret Garden,79
271705,B0001PIOX4,0,Fahrenheit 451,119
274808,0449701913,0,Homecoming,61
275970,1586210661,9,Me Talk Pretty One Day,146
